id,genero,name,pais,cuidad,monto,etiqueta,teltrabajo,telmovil
1,Male,rboraston0,Russia,Perm,1,RUB,(896) 9996643,(490) 4040553
2,Male,amound1,China,Datuan,2,CNY,(294) 9366358,(525) 6721213
3,Genderqueer,pdavenhill2,Russia,Glyadyanskoye,3,RUB,(235) 2870699,(111) 6587970
4,Male,akybird3,France,Firminy,4,EUR,(876) 8853137,(631) 1643823
5,Genderfluid,noliveto4,Peru,Lucma,5,PEN,(537) 6435724,(569) 3410801
6,Male,zsynnot5,Costa Rica,Nandayure,6,CRC,(964) 2537911,(699) 8265029
7,Female,gheathorn6,Russia,Uzlovaya,7,RUB,(969) 7125920,(601) 6505757
8,Female,omcfadyen7,Poland,Pogórze,8,PLN,(608) 4142607,(580) 5616545
9,Female,kjeyness8,Slovenia,Mežica,9,EUR,(965) 2067179,(185) 2025140
10,Male,dgini9,Argentina,Trancas,10,ARS,(617) 8783175,(480) 5571719
11,Female,qtoulmina,Russia,Votkinsk,11,RUB,(314) 2915072,(243) 1660875
12,Male,mbroadwoodb,Russia,Spassk,12,RUB,(226) 2682637,(580) 4452605
13,Non-binary,mmcdermottc,Honduras,Nuevo Chamelecón,13,HNL,(589) 9819813,(877) 7542419
14,Female,bselbachd,Bolivia,Tupiza,14,BOB,(335) 5975269,(399) 1121628
15,Bigender,acredlande,China,Changleng,15,CNY,(894) 7682921,(721) 5562708
16,Male,ewharff,Philippines,Andres Bonifacio,16,PHP,(286) 7818501,(824) 9984131
17,Male,atwattg,Ukraine,Molodohvardiys’k,17,UAH,(398) 7675205,(136) 9731740
18,Male,crollsh,Ukraine,Dniprovka,18,UAH,(971) 4369611,(312) 6256858
19,Bigender,cmiddasi,Portugal,Outeiro,19,EUR,(198) 9142815,(271) 2602727
20,Male,dfochj,Dominican Republic,Piedra Blanca,20,DOP,(489) 9767579,(554) 9219106
21,Male,orookwellk,Philippines,Santo Niño,21,PHP,(737) 5433058,(425) 8904228
22,Male,dgasparrol,Nigeria,Nkpor,22,NGN,(586) 7543596,(108) 9548660
23,Male,pbenm,Indonesia,Kuangsan,23,IDR,(149) 4994333,(897) 7701328
24,Male,akillingsworthn,Iran,Kāshān,24,IRR,(716) 1011468,(195) 6868392
25,Male,hhaslingo,Morocco,Targuist,25,MAD,(840) 8632944,(772) 5817239
26,Male,dungerechtsp,China,Biru,26,CNY,(239) 7545565,(206) 8251969
27,Female,glapleyq,Brazil,Maricá,27,BRL,(226) 1935652,(955) 4079002
28,Male,gbeamissr,Japan,Shiraoi,28,JPY,(917) 4061710,(705) 1256508
29,Male,bvasyutins,China,Shiyan,29,CNY,(345) 2322730,(959) 6753040
30,Male,sricksont,Ecuador,El Ángel,30,USD,(910) 7196084,(518) 2740666
31,Male,tduryu,Brazil,Atins,31,BRL,(345) 6633208,(155) 4744438
32,Female,iwinderv,Haiti,Pétionville,32,HTG,(931) 9333576,(530) 1394049
33,Female,rbowdidgew,United States,Melbourne,33,USD,(321) 1177164,(357) 2562142
34,Male,acollabinex,Indonesia,Umanggudang,34,IDR,(104) 9935713,(222) 6875618
35,Female,ealkery,Poland,Zabłocie,35,PLN,(213) 1357440,(916) 1132435
36,Male,mwooldridgez,Canada,La Sarre,36,CAD,(730) 3962439,(866) 6876562
37,Male,ieast10,Indonesia,Cilongkrangpusaka,37,IDR,(306) 8774274,(586) 4427166
38,Polygender,rfellnee11,Indonesia,Kudang,38,IDR,(237) 9315181,(605) 5473963
39,Genderqueer,ehusher12,United States,Gary,39,USD,(219) 1806751,(358) 3972257
40,Female,mhargraves13,Turkmenistan,Ashgabat,40,TMT,(322) 3202748,(317) 2605288
41,Male,kmerrilees14,Philippines,Ginatilan,41,PHP,(923) 2532177,(557) 5744712
42,Female,rprinnett15,China,Fengyuan,42,CNY,(718) 6958843,(540) 5341994
43,Male,fshottin16,China,Huangqu,43,CNY,(505) 8663985,(974) 7032686
44,Male,mochiltree17,Indonesia,Rungkang,44,IDR,(633) 3919551,(838) 2983635
45,Female,ltomlins18,China,Huangtan,45,CNY,(530) 1587867,(616) 3598402
46,Female,fhucke19,Philippines,Buliwao,46,PHP,(881) 7890932,(288) 9503550
47,Male,ypiers1a,Greece,Pappádos,47,EUR,(967) 5644061,(360) 1479367
48,Female,tklaessen1b,Indonesia,Longka,48,IDR,(600) 7886113,(214) 8703575
49,Female,kgouldsmith1c,Switzerland,Bern,49,CHF,(468) 9974228,(778) 3722033
50,Female,bperrie1d,Czech Republic,Podolí,50,CZK,(690) 7421320,(689) 5130441
51,Genderqueer,lschollar1e,United States,Murfreesboro,51,USD,(615) 2913239,(499) 6911160
52,Male,sstoute1f,Poland,Bełżec,52,PLN,(763) 8538703,(578) 3515496
53,Female,dludman1g,Russia,Novaya Lyalya,53,RUB,(166) 6398691,(414) 3312589
54,Male,gparmby1h,Pakistan,Hāsilpur,54,PKR,(959) 1738320,(460) 7232186
55,Female,cdyke1i,France,Villejuif,55,EUR,(641) 3111836,(576) 8762189
56,Female,gbradnock1j,Poland,Mosina,56,PLN,(811) 2675465,(742) 9276519
57,Male,etumpane1k,Benin,Dassa-Zoumé,57,XOF,(878) 9742459,(490) 8106620
58,Female,bcrates1l,France,Metz,58,EUR,(209) 6869283,(324) 6411144
59,Female,jdyerson1m,Czech Republic,Zastávka,59,CZK,(346) 2804690,(730) 6672866
60,Male,dbogey1n,Portugal,Ribeira Grande,60,EUR,(975) 5898646,(674) 4671496
61,Male,mbembridge1o,Egypt,Sumusţā as Sulţānī,61,EGP,(548) 9320057,(634) 1250661
62,Male,dpawelczyk1p,Serbia,Putinci,62,RSD,(482) 9445448,(435) 1569458
63,Male,tkillwick1q,Greece,Thívai,63,EUR,(695) 5009265,(619) 3914522
64,Female,adrinkhall1r,Brazil,Iturama,64,BRL,(226) 9996957,(164) 7761022
65,Female,fmerkel1s,China,Qinshan,65,CNY,(881) 1787648,(319) 1552846
66,Male,zmarran1t,France,Auch,66,EUR,(556) 2774328,(761) 9629622
67,Female,vsynnot1u,Indonesia,Singaraja,67,IDR,(912) 1094696,(465) 8477356
68,Bigender,cgummer1v,Peru,Churubamba,68,PEN,(762) 1524608,(479) 5302709
69,Male,ncovil1w,Sweden,Linköping,69,SEK,(829) 4296690,(905) 1846501
70,Female,kbraferton1x,Indonesia,Patrang,70,IDR,(881) 1393601,(100) 5001615
71,Male,crowles1y,Finland,Kuivaniemi,71,EUR,(843) 8308896,(498) 8119043
72,Female,jkock1z,United States,Vancouver,72,USD,(360) 3973673,(259) 4686749
73,Male,keyre20,Brazil,Blumenau,73,BRL,(782) 6164582,(759) 6533358
74,Male,dpickthorne21,Sweden,Södra Sandby,74,SEK,(893) 3348198,(661) 9480963
75,Male,bclaxson22,Iran,Shahrak-e Bākharz,75,IRR,(901) 9150282,(373) 2484761
76,Male,fzanini23,Brazil,Perdões,76,BRL,(778) 6304806,(458) 2876575
77,Female,astiegars24,Brazil,Boa Vista,77,BRL,(218) 3348987,(718) 8347328
78,Male,tdomegan25,China,Su’ao,78,CNY,(452) 1372372,(529) 8905442
79,Male,pgerding26,Philippines,San Jose,79,PHP,(475) 4943019,(461) 7794059
80,Agender,mstucke27,Czech Republic,Psáry,80,CZK,(265) 5756044,(927) 9918693
81,Bigender,bgogan28,Democratic Republic of the Congo,Demba,81,CDF,(300) 5896285,(257) 1453773
82,Female,rthowes29,Malaysia,Pulau Pinang,82,MYR,(330) 5193849,(195) 7560970
83,Female,rtatum2a,Brazil,Queimados,83,BRL,(507) 6306978,(267) 3993228
84,Female,greightley2b,France,Rouen,84,EUR,(631) 6787040,(880) 1228186
85,Male,cglenny2c,Philippines,San Antonio,85,PHP,(992) 9248503,(413) 2047660
86,Female,gbraffington2d,Nigeria,Gumel,86,NGN,(662) 2822322,(179) 8551813
87,Female,mstainsby2e,Mexico,Pueblo Nuevo,87,MXN,(914) 9313901,(858) 1200658
88,Male,medgcumbe2f,China,Beibei,88,CNY,(115) 7108057,(243) 5017571
89,Female,smcvanamy2g,Indonesia,Kotabaru,89,IDR,(104) 4348512,(760) 7980780
90,Female,epullman2h,Brazil,Goiatuba,90,BRL,(252) 1677026,(765) 2922417
91,Male,tdenisevich2i,Thailand,Phu Phiang,91,THB,(307) 3422353,(601) 7415471
92,Male,ipocklington2j,Philippines,Binubusan,92,PHP,(783) 6892139,(764) 4769754
93,Male,jteasell2k,Russia,Sosnovoborsk,93,RUB,(612) 9387640,(184) 6892383
94,Genderqueer,kwilsher2l,China,Mao’er,94,CNY,(185) 4268760,(933) 7939485
95,Polygender,dmcalister2m,Indonesia,Waipare,95,IDR,(213) 6607577,(191) 5056522
96,Female,hfessler2n,China,Wanzhai,96,CNY,(310) 9045993,(947) 6090441
97,Male,wramplee2o,Ethiopia,Āwash,97,ETB,(777) 7539599,(749) 7569309
98,Male,bkaindl2p,Honduras,Marcovia,98,HNL,(225) 3458002,(770) 6245053
99,Female,lavrasin2q,Japan,Niihama,99,JPY,(794) 9742375,(550) 3451107
100,Male,atroppmann2r,Sweden,Sunne,100,SEK,(663) 1539612,(156) 1865733
101,Male,chazlehurst2s,Belarus,Horad Smalyavichy,101,BYR,(589) 1881692,(139) 2234865
102,Agender,kvalance2t,Russia,Dubrovka,102,RUB,(590) 5679032,(611) 9784974
103,Male,pmasden2u,Sweden,Tranås,103,SEK,(109) 4036552,(419) 2174663
104,Male,ecockson2v,Philippines,San Antonio,104,PHP,(423) 3350026,(134) 8574033
105,Female,adunckley2w,Mongolia,Tsagaannuur,105,MNT,(940) 9057132,(625) 7392421
106,Male,tgodsafe2x,Japan,Chino,106,JPY,(677) 8208338,(822) 2977846
107,Male,mcanero2y,China,Sansheng,107,CNY,(647) 6289355,(742) 2826371
108,Female,fspellsworth2z,China,Shidong,108,CNY,(833) 3377852,(321) 1571270
109,Male,sblinerman30,South Africa,Botshabelo,109,ZAR,(767) 5291510,(831) 3083136
110,Female,rlathbury31,Philippines,Sagasa,110,PHP,(144) 7104160,(765) 6250985
111,Female,hkaesmans32,Poland,Mirosławiec,111,PLN,(545) 1187836,(312) 9806150
112,Female,astivens33,Ireland,Cashel,112,EUR,(999) 8039963,(162) 9207253
113,Female,sbertelmot34,Peru,Ullulluco,113,PEN,(981) 6906191,(124) 5320829
114,Polygender,hkesley35,Russia,Sukhinichi,114,RUB,(540) 8457020,(884) 5911369
115,Female,cbarten36,China,Changhua,115,CNY,(704) 4940905,(845) 4236461
116,Non-binary,dlegrave37,Poland,Pysznica,116,PLN,(562) 6155338,(145) 9814065
117,Female,agilfoyle38,Greece,Néa Magnisía,117,EUR,(633) 7065061,(847) 2153642
118,Female,nbriereton39,Indonesia,Oefatu,118,IDR,(425) 3389108,(764) 3965053
119,Female,jdorricott3a,China,Jifeng,119,CNY,(870) 7347034,(826) 5669241
120,Male,babsalom3b,Czech Republic,Postoloprty,120,CZK,(465) 7695524,(186) 2251205
121,Male,jharnell3c,Indonesia,Barengkok,121,IDR,(828) 5843093,(199) 1439503
122,Female,dpayley3d,Indonesia,Cipari,122,IDR,(893) 4797555,(144) 9130795
123,Female,ybaroc3e,Greece,Nestório,123,EUR,(822) 7811296,(718) 9586853
124,Male,hbleesing3f,Indonesia,Jugantang,124,IDR,(529) 5455851,(976) 9019408
125,Male,smacpaden3g,Brazil,Caçapava do Sul,125,BRL,(389) 4290577,(963) 4893050
126,Female,rcowlishaw3h,China,Jinggongqiao,126,CNY,(356) 7320214,(838) 8556606
127,Male,sduggleby3i,South Korea,Kang-neung,127,KRW,(262) 1118387,(921) 8048358
128,Male,faronstam3j,Azerbaijan,Barda,128,AZN,(659) 9037232,(779) 4178057
129,Male,bsorton3k,Sweden,Stocksund,129,SEK,(679) 3373422,(689) 7649525
130,Male,jorred3l,Bosnia and Herzegovina,Bila,130,BAM,(723) 7267493,(641) 4789564
131,Male,skirkman3m,Poland,Oksa,131,PLN,(436) 4073713,(779) 3316108
132,Male,amicklem3n,Ukraine,Hulyaypole,132,UAH,(345) 6561507,(493) 6056066
133,Female,jreddy3o,Poland,Niwiska,133,PLN,(592) 1601928,(374) 3616362
134,Female,aworg3p,Brazil,Poá,134,BRL,(579) 7160293,(514) 9340209
135,Male,idomenget3q,China,Qinshan,135,CNY,(725) 5638140,(385) 3825427
136,Male,goshesnan3r,El Salvador,Acajutla,136,USD,(651) 2177164,(970) 2115781
137,Female,cbimrose3s,Iran,Qā’en,137,IRR,(583) 2907115,(520) 5336281
138,Male,wmusker3t,China,Zhongshangang,138,CNY,(314) 4320813,(598) 3885606
139,Agender,cshipcott3u,Portugal,Tapada das Mercês,139,EUR,(638) 7243805,(167) 6590720
140,Male,alamas3v,Poland,Gzy,140,PLN,(782) 8541163,(273) 6508499
141,Male,italeworth3w,Zimbabwe,Redcliff,141,ZWL,(937) 8090077,(773) 6492545
142,Non-binary,riston3x,Micronesia,Tonoas Municipal Building,142,USD,(106) 3822934,(623) 4607366
143,Male,scoltan3y,Russia,Berëzovyy,143,RUB,(209) 8447477,(738) 5737938
144,Female,pkerfut3z,China,Guanshan,144,CNY,(518) 8997638,(830) 4861751
145,Male,menderle40,China,Jiujie,145,CNY,(356) 9255811,(648) 5216753
146,Male,vsutcliff41,Ukraine,Kirovohrad,146,UAH,(294) 8408082,(882) 5040425
147,Female,rhargate42,China,Zhonghe,147,CNY,(975) 4261157,(261) 4087829
148,Male,ctorns43,Philippines,San Pedro,148,PHP,(325) 8280117,(770) 1555203
149,Female,awinser44,Iran,pamas,149,IRR,(846) 6317966,(882) 5355168
150,Genderfluid,tboden45,Colombia,Buenaventura,150,COP,(509) 9515656,(810) 1747163
151,Male,ccackett46,China,Zhenjiang,151,CNY,(491) 3110592,(244) 4045793
152,Female,glinnitt47,Russia,Krasnyy Oktyabr’,152,RUB,(811) 9599645,(849) 9433374
153,Male,hnarramore48,Thailand,Mae Fa Luang,153,THB,(871) 3662879,(564) 3260464
154,Male,bwindsor49,United States,West Hartford,154,USD,(860) 3867066,(339) 1832342
155,Male,zosmint4a,Malawi,Lilongwe,155,MWK,(284) 6155037,(952) 8653748
156,Genderqueer,twallbank4b,Vietnam,Tiên Phước,156,VND,(719) 3746821,(741) 2114312
157,Female,dgreetham4c,Thailand,Thung Khru,157,THB,(654) 2327015,(585) 7663050
158,Female,aburd4d,Philippines,Igbaras,158,PHP,(405) 3588066,(629) 6739400
159,Male,bvasyunkin4e,Ukraine,Volovets,159,UAH,(736) 2696252,(750) 8293210
160,Male,mmanders4f,Japan,Shizukuishi,160,JPY,(796) 1915954,(803) 1494799
161,Female,datmore4g,Portugal,Monte Agudo,161,EUR,(494) 3666243,(387) 9915572
162,Non-binary,ksiman4h,Ireland,Dunmanway,162,EUR,(247) 3188078,(316) 5312067
163,Male,wantoniak4i,Brazil,Ubaitaba,163,BRL,(238) 2141199,(945) 4240409
164,Male,awillas4j,Peru,Huasta,164,PEN,(746) 7538903,(572) 8838151
165,Female,dbunner4k,Vietnam,Vân Canh,165,VND,(742) 7810313,(195) 7180935
166,Female,lginnane4l,Portugal,Agodim,166,EUR,(610) 9132070,(452) 7619898
167,Female,opusey4m,Nepal,Kirtipur,167,NPR,(313) 8859784,(256) 5454792
168,Female,rhailston4n,Philippines,San Diego,168,PHP,(826) 1634782,(183) 5781704
169,Male,gsimmank4o,Mongolia,Sergelen,169,MNT,(451) 7013276,(539) 7963435
170,Female,rgannaway4p,Indonesia,Klole,170,IDR,(189) 1534107,(992) 2311751
171,Female,tcamous4q,United States,Gary,171,USD,(219) 4477464,(804) 2335782
172,Male,momarkey4r,United States,Kansas City,172,USD,(913) 8912526,(716) 5508999
173,Male,scaesar4s,China,Xazgat,173,CNY,(541) 7230559,(474) 1740079
174,Female,chatchman4t,China,Meizhuang,174,CNY,(262) 4694714,(979) 9281747
175,Female,cyousef4u,China,Wujingfu,175,CNY,(908) 1261296,(722) 5231238
176,Female,fstiebler4v,Brazil,Cascavel,176,BRL,(246) 9175921,(329) 8073199
177,Female,rabilowitz4w,China,Gusang,177,CNY,(376) 1328516,(583) 8131618
178,Male,dhallewell4x,Georgia,Ts’khinvali,178,GEL,(948) 9269209,(714) 7434036
179,Female,tnatalie4y,Brazil,Porto Ferreira,179,BRL,(761) 4030325,(524) 8083052
180,Male,rfrankton4z,Micronesia,Ruo,180,USD,(986) 9091786,(418) 1768309
181,Male,opendry50,France,Salon-de-Provence,181,EUR,(878) 8413454,(431) 6268881
182,Male,agildersleeve51,Sweden,Åtvidaberg,182,SEK,(165) 9817628,(339) 1349217
183,Male,jmccomiskey52,Uzbekistan,Kitob,183,UZS,(485) 3936164,(696) 7307703
184,Female,hnarracott53,United States,South Bend,184,USD,(574) 8348511,(614) 4041514
185,Male,aodlin54,France,Paris 08,185,EUR,(531) 6725923,(161) 8852393
186,Male,kbiasio55,Kenya,Isiolo,186,KES,(940) 9437126,(195) 6450250
187,Female,kburgne56,Nigeria,Bornu Yassu,187,NGN,(741) 2842113,(990) 6813264
188,Male,jvasyatkin57,Portugal,Aveleda,188,EUR,(783) 5367942,(617) 2822591
189,Male,meirwin58,China,Pengshi,189,CNY,(974) 4978273,(975) 5334319
190,Male,ctanzig59,Indonesia,Op,190,IDR,(688) 1624485,(516) 1024486
191,Female,tinstone5a,China,Wuluo,191,CNY,(326) 2180003,(282) 7501587
192,Male,kminerdo5b,Paraguay,Capiíbary,192,PYG,(910) 6765479,(655) 7167280
193,Female,twassell5c,Russia,Vykhino-Zhulebino,193,RUB,(582) 6126892,(251) 6074383
194,Male,rfawlks5d,Argentina,Capitán Bermúdez,194,ARS,(517) 6686657,(490) 2428665
195,Male,bprawle5e,China,Badu,195,CNY,(702) 6586682,(516) 2549087
196,Female,gdelayglesias5f,Portugal,Chãos,196,EUR,(321) 9864622,(234) 7122898
197,Female,mkorneichuk5g,United States,Charleston,197,USD,(304) 6301780,(504) 1656582
198,Male,jespinho5h,Lithuania,Kelmė,198,LTL,(691) 6819535,(750) 9248533
199,Female,ericciardello5i,China,Xinfeng,199,CNY,(247) 5965050,(609) 1779259
200,Female,kingleson5j,China,Guoduwan,200,CNY,(461) 8752267,(463) 3748867
201,Male,ctrethewey5k,China,Dingshan,201,CNY,(703) 4250646,(732) 4944272
202,Male,lmcgriele5l,Brazil,Entre Rios,202,BRL,(891) 7163138,(677) 4009134
203,Male,riskowicz5m,Ireland,Old Kilcullen,203,EUR,(852) 7827360,(991) 1854643
204,Female,mfarherty5n,Argentina,Almafuerte,204,ARS,(372) 4487095,(340) 2657566
205,Male,scastagnaro5o,Morocco,Amizmiz,205,MAD,(538) 6858035,(978) 8154676
206,Male,owhalebelly5p,Uganda,Paidha,206,UGX,(826) 9770799,(374) 5712203
207,Genderfluid,khealks5q,China,Huangling,207,CNY,(505) 4273694,(139) 6093242
208,Female,vlovitt5r,Indonesia,Balekersukamaju,208,IDR,(264) 1194386,(610) 1304178
209,Female,kbaldazzi5s,Guatemala,Comitancillo,209,GTQ,(274) 7040723,(147) 2921108
210,Female,slaverick5t,China,Xingnong,210,CNY,(194) 3311534,(979) 1619854
211,Female,jtattershall5u,France,Ivry-sur-Seine,211,EUR,(544) 9031877,(512) 3539685
212,Female,bbelin5v,China,Xiagang,212,CNY,(660) 2223566,(425) 4911955
213,Female,hschrieves5w,Poland,Szczurowa,213,PLN,(401) 2261318,(665) 8965692
214,Female,ahaskett5x,China,Zhujiang,214,CNY,(278) 3513144,(249) 6454810
215,Male,flangshaw5y,Vietnam,Thị Trấn Mù Cang Chải,215,VND,(466) 6139626,(646) 1110016
216,Female,adohms5z,China,Huangcun,216,CNY,(125) 2148068,(792) 4589207
217,Male,mmeasen60,Czech Republic,Sezemice,217,CZK,(576) 9401648,(221) 2994886
218,Female,dsteere61,China,Luobei,218,CNY,(885) 1024740,(621) 3358433
219,Female,gyexley62,Sweden,Stockholm,219,SEK,(316) 6280363,(888) 3102624
220,Male,bdresche63,Indonesia,Fatuhilik,220,IDR,(507) 4118473,(522) 7365848
221,Female,chead64,Cuba,Bahía Honda,221,CUP,(605) 2027241,(518) 8321538
222,Male,rmundee65,Sweden,Göteborg,222,SEK,(492) 9921853,(525) 6286335
223,Genderfluid,remma66,Russia,Tuymazy,223,RUB,(351) 1851670,(545) 9293796
224,Male,lgarmans67,United States,West Palm Beach,224,USD,(561) 3755994,(757) 8130780
225,Female,aschnitter68,South Africa,Ficksburg,225,ZAR,(888) 7614415,(405) 6485286
226,Female,cthorington69,Canada,Thessalon,226,CAD,(662) 1278081,(817) 6110445
227,Genderfluid,cclemencon6a,China,Longzhouwan,227,CNY,(764) 9601325,(575) 7865577
228,Male,amcilmorow6b,Armenia,Alaverdi,228,AMD,(533) 5836718,(814) 4398384
229,Female,ishawyer6c,Sweden,Nyköping,229,SEK,(631) 6419631,(957) 5716979
230,Female,hlynas6d,Philippines,Janagdong,230,PHP,(818) 7463881,(108) 4376057
231,Non-binary,vettles6e,Indonesia,Betaf,231,IDR,(685) 5746424,(830) 8064736
232,Female,tdobrowolski6f,Russia,Afanas’yeva,232,RUB,(680) 5246330,(957) 8724255
233,Male,elewins6g,Indonesia,Balakasap,233,IDR,(450) 4747718,(333) 7050444
234,Male,cmusicka6h,Indonesia,Walagar,234,IDR,(511) 2152953,(566) 6124575
235,Male,abeinke6i,Vietnam,Da Nang,235,VND,(574) 5581349,(985) 7299435
236,Male,kwallington6j,Greece,Káto Glikóvrisi,236,EUR,(948) 2812368,(984) 1053392
237,Genderqueer,tgravestone6k,Maldives,Open Stage,237,MVR,(877) 9382720,(823) 9734338
238,Genderqueer,gsowman6l,Brazil,Porciúncula,238,BRL,(286) 5100919,(877) 4787187
239,Female,korbell6m,Thailand,Pak Kret,239,THB,(524) 5534535,(645) 2922732
240,Male,wpoone6n,South Korea,Jeonju,240,KRW,(794) 6572047,(733) 4958941
241,Male,omohun6o,Netherlands,Delft,241,EUR,(337) 9230420,(241) 1100777
242,Male,sbanyard6p,Poland,Werbkowice,242,PLN,(369) 9222576,(133) 1849190
243,Polygender,bgranger6q,China,Jindaoxia,243,CNY,(245) 4620968,(161) 4967781
244,Female,rdorset6r,Ireland,Newmarket on Fergus,244,EUR,(866) 1439321,(971) 1666417
245,Male,eredd6s,China,Yuzhai,245,CNY,(597) 4815898,(798) 6688734
246,Female,rbeaten6t,Iran,Bandar ‘Abbās,246,IRR,(709) 2024882,(591) 6818808
247,Male,tjaggers6u,Malaysia,Nusajaya,247,MYR,(749) 8486033,(298) 6777235
248,Male,tcromett6v,Philippines,Barra,248,PHP,(225) 7305346,(140) 5319924
249,Female,hreith6w,Brazil,Presidente Venceslau,249,BRL,(764) 2938042,(327) 2863193
250,Male,pkose6x,Czech Republic,Stochov,250,CZK,(709) 1451045,(273) 7889251
251,Agender,cchstney6y,Albania,Vërtop,251,ALL,(715) 8721952,(824) 3620162
252,Female,eegarr6z,Indonesia,Koten,252,IDR,(103) 1573372,(848) 9256092
253,Female,bwhal70,Poland,Żabia Wola,253,PLN,(391) 4807203,(115) 4733524
254,Male,ajachimiak71,China,Jianghua,254,CNY,(289) 9276487,(974) 9822584
255,Male,jnewcomb72,Argentina,Puerto Rico,255,ARS,(909) 6564185,(584) 3865809
256,Female,tiddon73,Armenia,Aghavnatun,256,AMD,(635) 4512051,(593) 4225152
257,Genderfluid,dlattie74,Libya,Sabhā,257,LYD,(528) 5069508,(660) 2077042
258,Female,jkelf75,El Salvador,Delgado,258,USD,(838) 9353920,(575) 2608197
259,Male,szaniolo76,China,Jindou,259,CNY,(523) 9994642,(583) 6559204
260,Male,ewellen77,China,Xinfu,260,CNY,(472) 3336319,(754) 8103211
261,Male,bkave78,Mexico,Emiliano Zapata,261,MXN,(459) 8863341,(193) 2456935
262,Male,smcalpin79,Venezuela,Seboruco,262,VEF,(638) 8350824,(505) 8707224
263,Female,lmatyashev7a,Poland,Spytkowice,263,PLN,(996) 2984277,(811) 1216867
264,Male,fcatterell7b,China,Dongshe,264,CNY,(211) 1661202,(686) 1951952
265,Female,mvears7c,China,Jiading,265,CNY,(897) 1053977,(887) 5998449
266,Male,jstoade7d,China,Yuanlin,266,CNY,(678) 8343199,(177) 2323006
267,Female,strevillion7e,Indonesia,Cikijing,267,IDR,(973) 8413490,(940) 7634300
268,Male,chaselwood7f,China,Zhongba,268,CNY,(182) 5189162,(148) 5518186
269,Male,fyeeles7g,Philippines,Santa Cruz,269,PHP,(597) 6576170,(761) 1662301
270,Female,hkmietsch7h,China,Hanshou,270,CNY,(945) 5805378,(807) 1479145
271,Female,sstirzaker7i,Brazil,Santa Gertrudes,271,BRL,(237) 8823218,(429) 4294859
272,Male,atorrejon7j,Armenia,Khasht’arrak,272,AMD,(202) 6430804,(904) 5083457
273,Female,tilett7k,South Korea,Santyoku,273,KRW,(625) 5055662,(501) 2110811
274,Male,astickford7l,Russia,Sergiyev Posad,274,RUB,(390) 6791276,(374) 4962243
275,Female,kfilipputti7m,Vietnam,K Bang,275,VND,(221) 4080890,(545) 2934670
276,Female,jculross7n,Mongolia,Jargalant,276,MNT,(233) 8986214,(471) 4127683
277,Female,tshepland7o,Czech Republic,Zlín,277,CZK,(199) 2887804,(173) 5179991
278,Male,kdorset7p,Luxembourg,Schifflange,278,EUR,(388) 6118001,(357) 8840599
279,Male,nventum7q,Poland,Rymanów,279,PLN,(180) 7183577,(856) 9234775
280,Female,mmessham7r,Indonesia,Genting,280,IDR,(345) 6245559,(243) 7206027
281,Female,ngoodson7s,Argentina,Bernardo Larroudé,281,ARS,(114) 6606548,(896) 9464686
282,Female,amacmechan7t,Canada,Nanaimo,282,CAD,(151) 2848012,(456) 1920677
283,Male,hbadini7u,Somalia,Hargeysa,283,SOS,(989) 6583212,(492) 6438288
284,Female,atrippett7v,Cuba,Las Tunas,284,CUP,(481) 8606007,(842) 9524129
285,Male,ftrowbridge7w,China,Hushan,285,CNY,(168) 2682119,(389) 6773868
286,Female,gtinn7x,China,Zhenjiang,286,CNY,(761) 2521844,(355) 9274824
287,Female,astanbra7y,Russia,Tsurib,287,RUB,(414) 6720747,(525) 7607005
288,Male,ssawer7z,Syria,Tallbīsah,288,SYP,(919) 8613906,(614) 5593015
289,Female,sfreebury80,Poland,Dąbrowa,289,PLN,(159) 5861598,(590) 5129344
290,Female,gdibdin81,China,Kengyuan,290,CNY,(322) 8500764,(985) 8462183
291,Female,ashakelade82,Poland,Górki Wielkie,291,PLN,(748) 5486950,(961) 6982602
292,Male,cbatchelar83,Poland,Nowy Dwór Mazowiecki,292,PLN,(377) 8025673,(399) 3345725
293,Female,ashortan84,Czech Republic,Hrušovany u Brna,293,CZK,(512) 3825048,(585) 7938925
294,Polygender,skrystof85,Brazil,Tremembé,294,BRL,(231) 7322742,(510) 4525292
295,Female,hdalling86,Japan,Hekinan,295,JPY,(935) 6728310,(491) 7440361
296,Male,lwakelin87,China,Chashan,296,CNY,(395) 6510724,(449) 5703453
297,Male,lbudding88,Argentina,Cipolletti,297,ARS,(671) 3730079,(661) 8576221
298,Female,sthame89,China,Oroin Xibe,298,CNY,(957) 3778012,(961) 4427071
299,Male,idrackford8a,Indonesia,Karangarjo,299,IDR,(897) 3498536,(562) 9219440
300,Agender,hplaister8b,China,Baisha,300,CNY,(554) 5598552,(955) 3575917
301,Female,mgelsthorpe8c,Honduras,San Ignacio,301,HNL,(823) 2564647,(756) 6483017
302,Male,jlortzing8d,Philippines,Manaloal,302,PHP,(210) 7575053,(604) 7824470
303,Male,jjakolevitch8e,Argentina,Puerto Iguazú,303,ARS,(162) 5175122,(218) 9854018
304,Female,slackney8f,China,Chimen,304,CNY,(710) 5943088,(499) 4241782
305,Female,dbrigshaw8g,Portugal,Góis,305,EUR,(161) 2602356,(417) 4328591
306,Male,iwelds8h,Mexico,Reforma,306,MXN,(747) 3751792,(209) 2771197
307,Female,jghiraldi8i,Czech Republic,Broumov,307,CZK,(453) 7837935,(677) 3899657
308,Female,celsmore8j,Azerbaijan,Bilajer,308,AZN,(164) 1653633,(977) 4725478
309,Male,vcrux8k,Vietnam,Kỳ Anh,309,VND,(515) 7443807,(343) 9786228
310,Polygender,tjehaes8l,Indonesia,Cikiwul Satu,310,IDR,(581) 3902132,(714) 2472016
311,Female,bbatts8m,Indonesia,Munggang,311,IDR,(557) 9321548,(765) 9886717
312,Male,lgillison8n,China,Duzhou,312,CNY,(191) 7420813,(461) 4874484
313,Female,elilleman8o,Russia,Dmitriyevskoye,313,RUB,(576) 1044964,(966) 3508253
314,Genderfluid,sboyda8p,Venezuela,El Cafetal,314,VEF,(189) 7456361,(787) 7251225
315,Male,mbranno8q,Russia,Svetlograd,315,RUB,(995) 2469211,(526) 7110737
316,Female,ionge8r,Indonesia,Sukodono,316,IDR,(565) 3750427,(333) 3263583
317,Male,bupham8s,Peru,Pozuzo,317,PEN,(278) 1591653,(270) 5630110
318,Female,nsherrin8t,Ukraine,Dvorichna,318,UAH,(438) 5866972,(493) 7382263
319,Female,spaul8u,Vietnam,Thạnh Mỹ,319,VND,(625) 8373016,(197) 7485253
320,Female,lcortez8v,Indonesia,Doro Oo,320,IDR,(809) 8847052,(323) 8622396
321,Female,oarnefield8w,China,Huoshaoping,321,CNY,(481) 3123448,(428) 3696781
322,Female,amacaleese8x,Indonesia,Oof,322,IDR,(174) 6620219,(287) 3423781
323,Non-binary,scroney8y,Indonesia,Sulitair,323,IDR,(279) 5856810,(109) 1550978
324,Male,mespasa8z,China,Kalayemule,324,CNY,(708) 1733193,(436) 1309507
325,Female,kmassel90,Peru,Huacachi,325,PEN,(635) 6897353,(536) 9770711
326,Polygender,bguymer91,Brazil,Itapipoca,326,BRL,(642) 9440303,(842) 9899793
327,Male,cmurt92,Indonesia,Lakbok,327,IDR,(393) 1780434,(333) 7063085
328,Male,dmeasures93,Indonesia,Wahang Dua,328,IDR,(816) 2985397,(787) 3264816
329,Genderqueer,whinckesman94,Thailand,Nong Saeng,329,THB,(175) 7940707,(926) 8608864
330,Female,omidford95,Russia,Nartkala,330,RUB,(669) 6097042,(942) 9632963
331,Male,cadami96,Thailand,Samphanthawong,331,THB,(934) 8691930,(707) 1090957
332,Female,tmesser97,France,Cournon-d'Auvergne,332,EUR,(640) 6724921,(704) 2581240
333,Female,egrabbam98,Norway,Hamar,333,NOK,(636) 8228469,(322) 4095285
334,Male,rskechley99,Germany,Essen,334,EUR,(565) 1567351,(720) 2664895
335,Male,mpassion9a,Nigeria,Obiaruku Quarters,335,NGN,(287) 6625592,(692) 3747421
336,Female,egurko9b,Brazil,Tietê,336,BRL,(744) 4265537,(453) 9577098
337,Female,scurnock9c,China,Bazi,337,CNY,(803) 7746426,(686) 3047391
338,Male,gstickells9d,China,Ergong,338,CNY,(178) 2192492,(730) 7165870
339,Male,cborham9e,Poland,Boronów,339,PLN,(272) 1690470,(322) 5876809
340,Female,lbillison9f,Brazil,Porto Calvo,340,BRL,(833) 2485828,(808) 2970711
341,Male,psiddens9g,Philippines,Cavinti,341,PHP,(368) 1976225,(160) 4641630
342,Genderfluid,reggers9h,Vietnam,Thành Phố Thái Bình,342,VND,(973) 2881065,(554) 4717890
343,Female,etomasicchio9i,China,Wangchuanchang,343,CNY,(827) 8180026,(799) 1312479
344,Female,lhindrick9j,Russia,Kremenki,344,RUB,(574) 5705978,(533) 6066853
345,Male,egosnay9k,Indonesia,Dawung,345,IDR,(360) 2280778,(607) 2976044
346,Male,lsawley9l,Peru,Paruro,346,PEN,(123) 4972493,(629) 8325212
347,Female,ahearley9m,Greece,Vrilissia,347,EUR,(197) 1638474,(120) 3136865
348,Male,adenkin9n,China,Panzhou,348,CNY,(721) 3261090,(568) 3745647
349,Female,thatwell9o,Jamaica,Easington,349,JMD,(314) 5792337,(907) 9522541
350,Male,wlebel9p,Russia,Izobil’nyy,350,RUB,(161) 4448282,(627) 4332966
351,Bigender,ccosstick9q,Colombia,Morales,351,COP,(951) 2171615,(764) 1032087
352,Non-binary,rwilkes9r,Chad,Goundi,352,XAF,(240) 4575462,(282) 2403357
353,Male,hpeeke9s,Kazakhstan,Makīnsk,353,KZT,(640) 5370922,(104) 4534422
354,Male,nheinl9t,France,Avignon,354,EUR,(276) 2226820,(573) 7095993
355,Female,ideeley9u,China,Qingshi,355,CNY,(426) 6772485,(708) 7811701
356,Female,kmiddell9v,Poland,Stoczek,356,PLN,(500) 2835317,(888) 1715643
357,Male,acapsey9w,Brazil,Brasília de Minas,357,BRL,(618) 6471815,(613) 1678289
358,Genderqueer,rjaquiss9x,Japan,Akita Shi,358,JPY,(430) 6808257,(268) 4277398
359,Male,rkirk9y,Norway,Bodø,359,NOK,(305) 4573526,(227) 9450739
360,Female,dmoulster9z,Czech Republic,Herálec,360,CZK,(659) 7006351,(939) 9323616
361,Female,vmacnameea0,Czech Republic,Stěbořice,361,CZK,(123) 2661412,(315) 3229299
362,Non-binary,lmcnerlina1,Czech Republic,Černovice,362,CZK,(354) 6148264,(384) 2862816
363,Female,tdebulliona2,Russia,Girey,363,RUB,(820) 8382235,(336) 5730809
364,Male,tbullona3,China,Jiangjiazui,364,CNY,(957) 1023613,(224) 2648141
365,Female,narcha4,Brazil,Bandeirantes,365,BRL,(140) 1555180,(726) 9131595
366,Polygender,sfolbiga5,Russia,Novopokrovka,366,RUB,(356) 5093218,(143) 3327999
367,Male,sogbornea6,Tanzania,Mlandizi,367,TZS,(974) 1528767,(192) 2018889
368,Male,hrippinga7,United Kingdom,Charlton,368,GBP,(190) 5259287,(188) 5357461
369,Male,kperelloa8,Colombia,San Carlos,369,COP,(843) 1283600,(152) 2515952
370,Female,dscolesa9,Brazil,Coruripe,370,BRL,(788) 9731200,(359) 4881003
371,Female,kblinckhorneaa,China,Dali,371,CNY,(986) 9727398,(714) 5744846
372,Male,bagentab,Canada,Pictou,372,CAD,(382) 5561444,(310) 1969900
373,Male,hlumsdonac,Reunion,Saint-Denis,373,EUR,(548) 6779446,(256) 4127048
374,Male,gglovesad,China,Henggang,374,CNY,(974) 3074866,(529) 7068478
375,Female,pswaytonae,Portugal,Água Retorta,375,EUR,(755) 1851475,(638) 2409913
376,Male,rbonteinaf,Thailand,Bang Pahan,376,THB,(446) 8052998,(914) 4110813
377,Female,jdominecag,Ethiopia,Debark’,377,ETB,(280) 7038262,(683) 1663914
378,Male,kwyardah,United States,Stamford,378,USD,(203) 5198437,(633) 6732544
379,Male,ceymorai,Greece,Kalýves Polygýrou,379,EUR,(611) 1265407,(678) 7199916
380,Female,dfarndellaj,Russia,Sandata,380,RUB,(557) 9106384,(587) 9113925
381,Female,vebbenak,France,Saint-Quentin-en-Yvelines,381,EUR,(854) 8291908,(624) 9883874
382,Genderqueer,pbanthorpeal,Netherlands,Utrecht (stad),382,EUR,(776) 6673162,(370) 7457736
383,Male,gpomfreyam,Mongolia,Shireet,383,MNT,(401) 9944021,(929) 1924616
384,Female,enovelloan,Thailand,Phatthalung,384,THB,(672) 7603353,(901) 4713072
385,Non-binary,rgowlerao,Turkmenistan,Tejen,385,TMT,(699) 7798427,(315) 8220600
386,Male,stalletap,Ukraine,Dvorichna,386,UAH,(274) 5282224,(263) 9683455
387,Female,aocaineaq,China,Xishan,387,CNY,(966) 6164704,(764) 1683360
388,Female,jbartaliniar,United States,Washington,388,USD,(202) 3797833,(320) 6346754
389,Female,rmandrakeas,Central African Republic,Batangafo,389,XAF,(144) 6212367,(931) 1402315
390,Male,klyteat,China,Jiacun,390,CNY,(602) 8318120,(290) 4735064
391,Female,rstarkingsau,China,Jiaodai,391,CNY,(371) 4711092,(955) 1114658
392,Male,miacopiniav,China,Erdaojiang,392,CNY,(931) 4186314,(444) 6864926
393,Male,sdundendaleaw,China,Yi’an,393,CNY,(805) 9458966,(261) 7365952
394,Male,syeleax,Philippines,Pagsanahan Norte,394,PHP,(193) 2359141,(329) 2520234
395,Male,rellarday,China,Yangping,395,CNY,(860) 9233567,(419) 9555917
396,Male,cdaviddiaz,Azerbaijan,Baş Göynük,396,AZN,(721) 8093426,(220) 8947409
397,Genderqueer,wwattinhamb0,Netherlands,Heerlen,397,EUR,(486) 3022008,(653) 6587090
398,Female,mgoodersonb1,Belarus,Hantsavichy,398,BYR,(112) 4563120,(427) 3578245
399,Female,dmatisseb2,Russia,Staraya Stanitsa,399,RUB,(160) 3739738,(722) 6635918
400,Female,wdashb3,Niger,Mayahi,400,XOF,(828) 6108093,(713) 9166173
401,Female,csporesb4,Syria,Al Karāmah,401,SYP,(247) 2843201,(162) 9265901
402,Male,alevetb5,Sweden,Nacka,402,SEK,(533) 6423911,(461) 9178517
403,Male,alonghib6,Norway,Porsgrunn,403,NOK,(582) 6603978,(733) 4236832
404,Female,kgammettb7,Ethiopia,Mēga,404,ETB,(145) 9866789,(162) 8931605
405,Female,jstatonb8,Ukraine,Tsyurupyns’k,405,UAH,(489) 8565544,(477) 6774909
406,Polygender,lfirsbyb9,China,Zhangpu,406,CNY,(836) 7221002,(131) 4044796
407,Female,jeverleyba,Russia,Rodniki,407,RUB,(292) 4563115,(813) 3371371
408,Female,rhumphersonbb,Reunion,Saint-Denis,408,EUR,(733) 9962167,(953) 5568851
409,Female,bcostelowbc,China,Jintang,409,CNY,(629) 8091025,(107) 7587557
410,Male,ahughlandbd,Zimbabwe,Gokwe,410,ZWL,(307) 9261359,(727) 4933711
411,Female,kheffronbe,Albania,Bulqizë,411,ALL,(703) 1231438,(555) 3389774
412,Female,mfedorchenkobf,China,Ganzhou,412,CNY,(276) 5341425,(896) 9444710
413,Female,sgerwoodbg,Finland,Janakkala,413,EUR,(371) 7479434,(686) 3079579
414,Male,jrollinbh,Brazil,Belford Roxo,414,BRL,(274) 2607307,(630) 3390519
415,Female,kvassaybi,Sweden,Nyköping,415,SEK,(859) 7777518,(105) 4653565
416,Female,amchalebj,Guatemala,Santa Cruz del Quiché,416,GTQ,(590) 8894586,(213) 2789694
417,Genderfluid,hkunzlerbk,Poland,Osieczany,417,PLN,(676) 6988655,(329) 6302760
418,Male,abrucknerbl,Indonesia,Terawas,418,IDR,(516) 1607336,(362) 4946617
419,Male,eshepherdsonbm,Bulgaria,Vratsa,419,BGN,(702) 3749743,(212) 3740013
420,Male,bredmillebn,Indonesia,Waiklibang,420,IDR,(517) 5950225,(903) 1296062
421,Polygender,agraalmansbo,Russia,Kovdor,421,RUB,(980) 4449288,(593) 5817601
422,Male,gnonibp,Ethiopia,Gewanē,422,ETB,(679) 3481678,(784) 2153895
423,Non-binary,mbushbq,Peru,Pacasmayo,423,PEN,(234) 7586033,(300) 3284088
424,Female,rboickbr,Cameroon,Somié,424,XAF,(464) 6626694,(562) 7881570
425,Female,wolennikovbs,Tunisia,Sidi Bouzid,425,TND,(445) 2606701,(950) 1778530
426,Female,njirsabt,China,Baijiang,426,CNY,(854) 7275454,(373) 4956036
427,Female,hcornaubu,China,Zhenlai,427,CNY,(794) 4999557,(621) 9786134
428,Female,vdixceybv,China,Huilong,428,CNY,(674) 3139066,(788) 7766553
429,Male,gtewkesburybw,Finland,Köyliö,429,EUR,(876) 7529721,(255) 8999977
430,Male,gwalewskibx,Ireland,Drumcondra,430,EUR,(507) 8236595,(633) 5192759
431,Genderfluid,onardoniby,China,Chong’ansi,431,CNY,(554) 7044235,(557) 1661905
432,Female,bstarkeybz,Ghana,Duayaw Nkwanta,432,GHS,(537) 4574439,(748) 3101434
433,Female,mmarlonc0,Peru,Salas,433,PEN,(924) 1102168,(573) 8168969
434,Male,astoppardc1,China,Huaqiao,434,CNY,(872) 5109504,(552) 6534270
435,Polygender,arenonc2,Indonesia,Duko,435,IDR,(114) 3024795,(418) 9019961
436,Male,zchelamc3,China,Tumxuk,436,CNY,(672) 9786462,(850) 9167556
437,Female,togbornc4,China,Zaoshi,437,CNY,(934) 8097967,(140) 8955012
438,Male,miannettic5,Honduras,Marcovia,438,HNL,(852) 4583751,(599) 6155281
439,Female,ehartwellc6,China,Jiaocheng,439,CNY,(625) 1836618,(811) 1699895
440,Agender,dbowlec7,Haiti,Petite Anse,440,HTG,(500) 9197372,(417) 8684536
441,Female,atruscottc8,Peru,Ihuari,441,PEN,(722) 7130739,(960) 7887442
442,Male,mbucktharpc9,Israel,Ḥurfeish,442,ILS,(597) 1088033,(530) 1112268
443,Male,wruberryca,Venezuela,Sabana Grande,443,VEF,(369) 3283153,(764) 7921775
444,Female,rbutcherscb,China,Kesheng,444,CNY,(628) 9145656,(254) 3823981
445,Female,madawaycc,Nepal,Mahendranagar,445,NPR,(125) 3215323,(454) 3622926
446,Female,acruwyscd,Ireland,Clogherhead,446,EUR,(375) 4130537,(347) 9168984
447,Female,lmckeownce,Indonesia,Pasarbaru,447,IDR,(627) 4583083,(407) 5978987
448,Female,wmarlincf,Indonesia,Munturkaju,448,IDR,(823) 9494202,(677) 3221397
449,Female,fjordincg,Taiwan,Taichung,449,TWD,(981) 7635480,(142) 3524369
450,Male,kurianch,Peru,Huaribamba,450,PEN,(545) 5235546,(779) 2651917
451,Polygender,zcampsci,Greece,Vanáton,451,EUR,(511) 8885503,(458) 7218802
452,Genderfluid,mschottcj,Sweden,Göteborg,452,SEK,(639) 1724932,(593) 7886983
453,Male,xluckieck,France,Antony,453,EUR,(492) 4761344,(944) 9406602
454,Male,rmacarthurcl,Luxembourg,Crauthem,454,EUR,(132) 3258748,(795) 3873550
455,Genderqueer,kpideoncm,China,Kunyang,455,CNY,(635) 8237750,(142) 8574673
456,Polygender,kcherncn,Poland,Osieczany,456,PLN,(532) 3938070,(233) 2322179
457,Female,lcassinco,Micronesia,Kuttu,457,USD,(179) 1507328,(584) 4278986
458,Male,jvasilmanovcp,Spain,Murcia,458,EUR,(511) 8061989,(102) 3852106
459,Male,kmathiascq,Philippines,Lapaz,459,PHP,(538) 2282323,(159) 4854033
460,Female,idadgecr,China,Caocun,460,CNY,(811) 1978051,(893) 6728345
461,Non-binary,trozenzweigcs,Portugal,Monte Novo,461,EUR,(591) 4151530,(397) 1996806
462,Male,saxupct,Indonesia,Pasiripis,462,IDR,(980) 2884023,(801) 5120619
463,Male,hjankincu,Ethiopia,Dubti,463,ETB,(322) 1233794,(748) 5471207
464,Male,dpesiccv,Indonesia,Pandangan Kulon,464,IDR,(112) 9013331,(677) 4153451
465,Male,jvasiliucw,China,Banqiao,465,CNY,(142) 1500111,(773) 6564402
466,Male,omounsiecx,Thailand,Ban Bang Kadi Pathum Thani,466,THB,(671) 6827360,(483) 3012793
467,Male,lhowickcy,Nigeria,Oji River,467,NGN,(834) 1996676,(257) 6441981
468,Female,loillercz,El Salvador,Texistepeque,468,USD,(466) 3142049,(372) 3989153
469,Polygender,cborrowmand0,France,Saint-Louis,469,EUR,(558) 6721132,(204) 2978778
470,Agender,dsloamd1,Philippines,Silongin,470,PHP,(707) 9844874,(454) 8855576
471,Male,cthomassind2,Poland,Czyżowice,471,PLN,(464) 6141143,(213) 7616646
472,Female,aburnhardd3,Mexico,Del Valle,472,MXN,(104) 2320911,(669) 7963207
473,Female,aizardd4,Kenya,Naivasha,473,KES,(468) 2128980,(385) 9598151
474,Female,omocklerd5,China,Pianbai,474,CNY,(895) 3303775,(451) 5695616
475,Female,redmansd6,Philippines,Bacnor East,475,PHP,(598) 6152348,(386) 9474900
476,Female,hbirtd7,Philippines,Buenavista,476,PHP,(382) 6063339,(370) 2701450
477,Genderqueer,pcantillond8,Russia,Nachalovo,477,RUB,(387) 6853875,(539) 6362049
478,Female,lkinglaked9,France,Marly-le-Roi,478,EUR,(834) 4781885,(988) 3681295
479,Female,oscraneyda,Ireland,Castlebridge,479,EUR,(894) 6036521,(312) 2641004
480,Male,bcouthdb,China,Pingwang,480,CNY,(208) 5402466,(928) 1017121
481,Male,kbrechedc,China,Hezhi,481,CNY,(197) 5922601,(423) 2990230
482,Agender,jcussonsdd,Palestinian Territory,Kafr al Labad,482,ILS,(503) 8995139,(844) 8452867
483,Female,csteptowde,Iran,Langarūd,483,IRR,(465) 5541987,(124) 2812220
484,Male,tkleinbaumdf,Brazil,São Cristóvão,484,BRL,(540) 8048792,(691) 9689388
485,Female,vvedekhovdg,Ukraine,Bus’k,485,UAH,(187) 9795403,(870) 3417973
486,Male,adupreydh,Colombia,Los Córdobas,486,COP,(440) 1751631,(792) 8789176
487,Male,apolamontaynedi,Indonesia,Gubukjero Timuk,487,IDR,(219) 3240124,(449) 9158891
488,Male,kcanetedj,Brazil,Arapongas,488,BRL,(673) 6925152,(853) 8365184
489,Male,frexdk,Indonesia,Srabah,489,IDR,(607) 9118655,(882) 5070959
490,Female,bpowysdl,Argentina,Catriel,490,ARS,(862) 6899515,(365) 8613543
491,Bigender,keckartdm,Russia,Aksarka,491,RUB,(988) 8845125,(264) 2917667
492,Male,mandrzejakdn,Russia,Solikamsk,492,RUB,(507) 2021017,(687) 6180278
493,Female,ogoldbergdo,Russia,Yegor’yevsk,493,RUB,(429) 1957377,(133) 5188637
494,Male,jbrelsforddp,Indonesia,Banjar Penyalin,494,IDR,(279) 7454881,(775) 2121411
495,Male,aassirattidq,Bangladesh,Bhāndāria,495,BDT,(298) 2630067,(694) 7080895
496,Male,mdedondr,China,Pingya,496,CNY,(631) 2121999,(672) 1714604
497,Male,nlamberthds,Philippines,Bagay,497,PHP,(331) 9358691,(524) 1882061
498,Polygender,mwooldridgedt,Uruguay,Joaquín Suárez,498,UYU,(277) 9105778,(470) 6439382
499,Female,npolendinedu,Canada,Lac-Mégantic,499,CAD,(370) 2186136,(117) 5975120
500,Male,iroggedv,Angola,Camacupa,500,AOA,(390) 6541665,(476) 8189637
501,Female,jeggardw,Indonesia,Cililitan,501,IDR,(385) 8094189,(495) 5358161
502,Male,kofinandx,China,Xilong,502,CNY,(371) 8437704,(263) 4680505
503,Female,arhymesdy,Greece,Palaiópyrgos,503,EUR,(153) 6388257,(640) 2823743
504,Female,lvareydz,Kenya,Isiolo,504,KES,(311) 5999164,(931) 6291171
505,Male,bflannere0,China,Nancheng,505,CNY,(292) 8337885,(251) 9017551
506,Female,mlefeavere1,China,Jinsha,506,CNY,(360) 1105537,(898) 2676352
507,Female,ogeraldoe2,Mongolia,Baruunturuun,507,MNT,(473) 1558972,(824) 4761121
508,Female,bmartineaue3,Indonesia,Sedandang,508,IDR,(899) 8470455,(392) 2672309
509,Male,ccradicke4,Greece,Lýkeio,509,EUR,(411) 1275965,(603) 6470491
510,Female,ysimanenkoe5,China,Gengzhuang,510,CNY,(361) 3689020,(493) 5414699
511,Female,rternente6,Russia,Krasnyy Klyuch,511,RUB,(791) 8857897,(119) 6992546
512,Male,eivette7,China,Huolu,512,CNY,(544) 4109068,(492) 9300275
513,Male,fmacintyree8,China,Heitan,513,CNY,(507) 8013237,(921) 4582011
514,Female,mdecayettee9,Russia,Kayasula,514,RUB,(684) 3485631,(401) 9096878
515,Female,cmcnayea,Paraguay,Altos,515,PYG,(786) 5794247,(367) 4353060
516,Male,adowthwaiteeb,Indonesia,Cibanten,516,IDR,(730) 1032882,(194) 6851980
517,Male,certeltec,France,Boissy-Saint-Léger,517,EUR,(784) 6926379,(643) 6159757
518,Female,ccurleyed,China,Aizhai,518,CNY,(552) 6563025,(921) 8773855
519,Male,gcurroee,Sweden,Säffle,519,SEK,(576) 3550818,(469) 9609915
520,Female,kashtonef,Greece,Vrakháti,520,EUR,(455) 2854361,(788) 9128251
521,Male,mspireeg,Yemen,Najd al Jumā‘ī,521,YER,(881) 6587119,(969) 3716520
522,Male,cburkilleh,Sweden,Norrahammar,522,SEK,(711) 4460984,(557) 6028900
523,Male,wbettlesonei,Moldova,Cimişlia,523,MDL,(500) 1943242,(386) 3910936
524,Female,rfoleyej,Nigeria,Patani,524,NGN,(893) 6839783,(742) 6242715
525,Female,iweemsek,Portugal,Luz de Tavira,525,EUR,(844) 4718783,(790) 3955085
526,Female,dlenschel,China,Gaocheng,526,CNY,(250) 4980777,(576) 9419069
527,Female,sbrackenem,Dominican Republic,Juncalito Abajo,527,DOP,(486) 4136010,(270) 8061836
528,Female,hchittendenen,Philippines,San Fernando,528,PHP,(849) 7957778,(234) 2132675
529,Male,wpharoaheo,Sweden,Kista,529,SEK,(815) 7236993,(456) 6521305
530,Genderqueer,abeagleholeep,Dominican Republic,Pimentel,530,DOP,(804) 1657007,(544) 8389291
531,Male,bfitteseq,Russia,Sovetskiy,531,RUB,(893) 7925074,(306) 2778491
532,Female,wvellaer,Indonesia,Karangarjo,532,IDR,(595) 8175317,(467) 3710658
533,Female,avarneyes,Yemen,Al Maḩfid,533,YER,(665) 6521153,(165) 2128717
534,Female,platehouseet,Argentina,Puerto Eldorado,534,ARS,(184) 8352343,(881) 8572320
535,Male,lvandenoordeu,Portugal,Vale da Pedra,535,EUR,(276) 4464220,(685) 8230083
536,Male,lmcelhargyev,Indonesia,Tongkiling,536,IDR,(853) 7331058,(986) 1911854
537,Female,hsellyew,China,Zhaowu,537,CNY,(828) 5728014,(528) 4590020
538,Male,nhawkettex,Russia,Sandata,538,RUB,(201) 9872400,(254) 7730137
539,Female,mboggishey,Portugal,Meruge,539,EUR,(162) 7836009,(861) 8255146
540,Male,tleightonez,Brazil,Marapanim,540,BRL,(205) 6292363,(508) 2825752
541,Female,fruberryf0,Argentina,El Soberbio,541,ARS,(178) 5178107,(988) 3498863
542,Female,pcrossthwaitef1,Montserrat,Plymouth,542,XCD,(925) 1425148,(174) 3225984
543,Female,sstortonf2,Mauritius,Roches Noire,543,MUR,(383) 6500355,(954) 9082762
544,Genderfluid,freddf3,Ukraine,Feodosiya,544,UAH,(105) 4389329,(429) 7938363
545,Male,hnisiusf4,Fiji,Levuka,545,FJD,(775) 2746279,(129) 4352206
546,Male,jgemmillf5,Mexico,Independencia,546,MXN,(917) 9110903,(113) 8260429
547,Female,llambdenf6,United States,San Angelo,547,USD,(325) 4411920,(808) 3276610
548,Female,sgrunwaldf7,Indonesia,Dukuh Kaler,548,IDR,(993) 3063738,(585) 1023279
549,Female,lscarisbrickf8,Indonesia,Pamedilan,549,IDR,(429) 1817761,(426) 1398111
550,Female,scrannachf9,Portugal,Bairro,550,EUR,(594) 7692244,(226) 6236139
551,Female,aduhigfa,Portugal,Serra da Boa Viagem,551,EUR,(362) 6077482,(524) 7947524
552,Female,ckilvingtonfb,China,Dagar,552,CNY,(848) 4638800,(926) 3214442
553,Male,twillardfc,Ukraine,Tlumach,553,UAH,(177) 6193122,(692) 1558573
554,Male,gcloneyfd,Bosnia and Herzegovina,Srebrenik,554,BAM,(747) 9090639,(125) 4971804
555,Female,afladefe,Sri Lanka,Dambulla,555,LKR,(548) 4876115,(694) 2646201
556,Female,nhabbonff,Iraq,Nahiyat Ghammas,556,IQD,(775) 5706653,(132) 1162165
557,Male,wbysakerfg,Czech Republic,Kvasiny,557,CZK,(527) 5796429,(871) 3458857
558,Female,gprivettfh,Russia,Poykovskiy,558,RUB,(837) 2281906,(258) 5755449
559,Female,cmcleanfi,United States,Memphis,559,USD,(901) 5219355,(690) 7827998
560,Male,ncorneyfj,China,Gaoling,560,CNY,(357) 3378343,(871) 6782747
561,Male,rpickburnfk,Indonesia,Pugeran,561,IDR,(127) 3296592,(677) 7891456
562,Male,hportwainefl,Indonesia,Gurung,562,IDR,(643) 9273000,(967) 9102748
563,Polygender,schekefm,China,Xilu,563,CNY,(713) 1976138,(128) 1336954
564,Female,gfilpofn,Argentina,El Bolsón,564,ARS,(507) 7746850,(106) 5954966
565,Female,dmccamishfo,Indonesia,Sukasari,565,IDR,(219) 5136113,(513) 4995616
566,Female,simpyfp,China,Chenjiahe,566,CNY,(506) 1705339,(844) 3566554
567,Male,croartyfq,Indonesia,Karangdalam,567,IDR,(848) 4365020,(513) 2610766
568,Male,cmcmanamenfr,Indonesia,Hampang,568,IDR,(104) 7265155,(389) 1850833
569,Male,tbergeonfs,China,Aoluguya Ewenke Minzu,569,CNY,(843) 8680607,(507) 6271154
570,Male,jbrilonft,Indonesia,Seoam,570,IDR,(156) 5274173,(257) 7404619
571,Female,jsallisfu,Armenia,Gogaran,571,AMD,(728) 4326799,(556) 2738518
572,Genderfluid,myellowleefv,China,Fengcheng,572,CNY,(789) 3570745,(291) 4855303
573,Male,tmonnifw,China,Madoi,573,CNY,(417) 4371225,(303) 7093833
574,Female,tquadefx,Venezuela,Soledad,574,VEF,(824) 3258873,(576) 6651332
575,Agender,rpetrillofy,United States,Decatur,575,USD,(770) 9467882,(530) 2409216
576,Male,dankerfz,Ukraine,Dvorichna,576,UAH,(306) 2485342,(860) 6395577
577,Male,sdaughtong0,China,Pingdu,577,CNY,(269) 2089328,(615) 6005545
578,Male,rpacheg1,Nigeria,Dan Sadau,578,NGN,(227) 2958318,(471) 2718411
579,Male,tglyneg2,United States,New York City,579,USD,(646) 8089168,(120) 7483846
580,Female,ddownsg3,Peru,Pallanchacra,580,PEN,(267) 2259201,(344) 4139893
581,Female,abesantg4,Peru,Pueblo Nuevo,581,PEN,(330) 9361890,(515) 4531168
582,Female,fplankeg5,Poland,Lipie,582,PLN,(953) 6242878,(411) 3800152
583,Male,apritchettg6,China,Huixing,583,CNY,(782) 7118131,(730) 9242693
584,Male,fbuskeg7,Chile,Cabrero,584,CLP,(723) 7562027,(898) 7776556
585,Female,epinniong8,Uruguay,Bella Unión,585,UYU,(712) 5279381,(343) 4281878
586,Male,cclyantg9,Russia,Kayasula,586,RUB,(652) 5196173,(565) 9769502
587,Female,cyellowleyga,Palestinian Territory,‘Ābūd,587,ILS,(514) 3227171,(503) 8493671
588,Male,mmerryweathergb,Ireland,Ratoath,588,EUR,(793) 4307587,(289) 7371877
589,Female,klockhartgc,Russia,Frolovo,589,RUB,(309) 7592198,(209) 6253559
590,Male,mpauleitgd,Brazil,Capão da Canoa,590,BRL,(524) 1666240,(841) 8311278
591,Female,eleaverge,South Korea,Hongch’ŏn,591,KRW,(569) 7909847,(473) 7030265
592,Agender,mcristofanogf,China,Sai’erlong Xiang,592,CNY,(887) 6903540,(300) 4934316
593,Male,mcossingtongg,Indonesia,Dawuhan,593,IDR,(854) 1430124,(984) 8892621
594,Male,swanekgh,China,Zoushi,594,CNY,(323) 1899380,(471) 2936944
595,Female,gmalshingergi,Malta,Pembroke,595,EUR,(488) 6232156,(134) 8816434
596,Female,rvachergj,Japan,Kōchi-shi,596,JPY,(896) 7170740,(179) 1936901
597,Male,lwillmettsgk,Denmark,Frederiksberg,597,DKK,(897) 1711080,(620) 8235254
598,Female,ccasselsgl,Argentina,Rojas,598,ARS,(455) 8214962,(868) 7829703
599,Female,wvernigm,Indonesia,Ciburial,599,IDR,(667) 2672251,(778) 1329333
600,Genderqueer,alawlorgn,Peru,Huari,600,PEN,(814) 7382165,(634) 2835919
601,Male,gflowittgo,Vietnam,Phúc Yên,601,VND,(467) 1071774,(463) 6271828
602,Female,bwestoffgp,Portugal,Nogueira do Cravo,602,EUR,(286) 6377736,(215) 5960317
603,Male,kvernongq,China,Meilin,603,CNY,(163) 7801312,(602) 3598881
604,Female,vamberggr,Thailand,Mancha Khiri,604,THB,(522) 8802662,(396) 8615229
605,Genderqueer,umeriguetgs,Philippines,Babatngon,605,PHP,(248) 3353576,(858) 7965887
606,Female,erivardgt,Brazil,Três Rios,606,BRL,(796) 4189847,(232) 5419080
607,Male,ewimpgu,Malaysia,Ipoh,607,MYR,(925) 3893908,(261) 6858871
608,Male,ncorrisgv,Argentina,Villa Allende,608,ARS,(956) 3857340,(664) 5536960
609,Female,glondongw,Zimbabwe,Mazowe,609,ZWL,(567) 5485920,(256) 7874291
610,Male,dmarnanegx,Mongolia,Enhtal,610,MNT,(355) 8191012,(653) 3340172
611,Male,schapellgy,Peru,Cayna,611,PEN,(315) 4015261,(660) 4267195
612,Female,mgaylorgz,Venezuela,Santa María de Ipire,612,VEF,(500) 7818840,(293) 2226301
613,Male,crubih0,Madagascar,Sakaraha,613,MGA,(549) 6107621,(867) 3618216
614,Male,dspaduzzah1,United States,Huntington,614,USD,(304) 1399557,(366) 8586056
615,Male,broggersh2,Russia,Ust’-Katav,615,RUB,(448) 2180444,(557) 3148021
616,Bigender,sroffeyh3,Serbia,Sremska Mitrovica,616,RSD,(261) 8705994,(433) 8206093
617,Female,gbirdsh4,Portugal,Ponte Nova,617,EUR,(469) 4989919,(782) 6185960
618,Genderqueer,mdraggeh5,Tunisia,Rohia,618,TND,(256) 9287857,(385) 2427189
619,Female,bbaniardh6,Chad,Bitkine,619,XAF,(687) 5447188,(788) 3031297
620,Female,mparsallh7,Canada,Watrous,620,CAD,(981) 2035451,(515) 4766390
621,Female,sbrozh8,Sweden,Skinnskatteberg,621,SEK,(570) 3005480,(614) 9635540
622,Female,fvaudreh9,Brazil,Nova Era,622,BRL,(601) 6787967,(695) 3133486
623,Female,thughesdonha,United States,Pittsburgh,623,USD,() 7683834,(583) 7597509
624,Female,astapelshb,China,Shuanglu,624,CNY,(710) 3043376,(229) 2459567
625,Male,bwilcherhc,Costa Rica,Alajuela,625,CRC,(715) 6987511,(970) 4950334
626,Female,makedhd,China,Bailu,626,CNY,(511) 3554714,(506) 3240583
627,Female,vhinckesmanhe,Philippines,Pandan,627,PHP,(473) 3908135,(509) 6852726
628,Female,agabbathf,Ethiopia,Jijiga,628,ETB,(330) 5738142,(608) 2568907
629,Male,aupsalehg,Nicaragua,San José de Cusmapa,629,NIO,(354) 9801478,(169) 9602365
630,Male,sabbehh,Azerbaijan,Binagadi,630,AZN,(832) 7312961,(980) 2082040
631,Female,ofoisterhi,Philippines,Catarman,631,PHP,(740) 7354326,(625) 6768827
632,Female,dscuddershj,Palestinian Territory,Kafr Zībād,632,ILS,(255) 7591735,(787) 5209671
633,Bigender,tbabingtonhk,Yemen,Al Maşlūb,633,YER,(979) 6296035,(135) 2380960
634,Male,smcmanamanhl,China,Wenlin,634,CNY,(667) 2368653,(586) 7823717
635,Bigender,fnaeruphm,Albania,Kryevidh,635,ALL,(597) 1280401,(835) 8766340
636,Female,thinerhn,Poland,Koszarawa,636,PLN,(225) 7894793,(221) 7720536
637,Female,bsilvestonho,China,Youshan,637,CNY,(156) 4345295,(200) 2958650
638,Female,fmallonhp,Poland,Nowa Ruda,638,PLN,(258) 4194969,(662) 8204229
639,Male,mdifilippohq,Ukraine,Kuznetsovs’k,639,UAH,(681) 3780385,(700) 2233338
640,Female,candreouhr,France,Lyon,640,EUR,(769) 9282825,(511) 6984636
641,Female,kuttleyhs,Ecuador,Cayambe,641,USD,(202) 6998705,(666) 1926825
642,Female,rvigrassht,United States,Fort Worth,642,USD,(682) 7115943,(600) 8113473
643,Male,bbrownliehu,Yemen,Markaz Bilād aţ Ţa‘ām,643,YER,(523) 9574712,(732) 7875846
644,Male,nrufhv,China,Qiping,644,CNY,(782) 9986634,(911) 8761365
645,Male,bpresdeehw,Canada,Vegreville,645,CAD,(840) 1851686,(508) 2705661
646,Female,aboleynhx,Guatemala,Gualán,646,GTQ,(434) 6250695,(849) 2946860
647,Female,lizhakovhy,Mexico,Bellavista,647,MXN,(212) 9963353,(611) 8153698
648,Male,ibampfieldhz,Russia,Nizhnyaya Tavda,648,RUB,(749) 3492759,(311) 3157189
649,Male,bsiddeni0,Cyprus,Limassol,649,EUR,(579) 6949466,(225) 4349109
650,Male,fmaylini1,Bulgaria,Kiten,650,BGN,(181) 7087602,(836) 7328074
651,Male,jmacneicei2,Indonesia,Hegarsari,651,IDR,(253) 1614010,(638) 6695059
652,Male,lfairfulli3,Ireland,Booterstown,652,EUR,(229) 7120241,(298) 4399869
653,Female,ohoveri4,France,Schirmeck,653,EUR,(868) 9037790,(563) 9712249
654,Male,bgamlyni5,Bulgaria,Mŭglizh,654,BGN,(755) 1908357,(874) 2026729
655,Female,sosbournei6,Palestinian Territory,Bayt Wazan,655,ILS,(881) 1252164,(167) 9762169
656,Male,kallini7,Philippines,Danao,656,PHP,(374) 7553834,(618) 6014689
657,Female,erowatti8,United States,Washington,657,USD,(202) 9986687,(760) 3160128
658,Female,nfumagallii9,Poland,Legionowo,658,PLN,(435) 7476171,(429) 2633330
659,Female,lthurskeia,Indonesia,Bitung,659,IDR,(625) 5387324,(507) 5951123
660,Male,jredhollsib,China,Chejiazhuang,660,CNY,(188) 8663285,(452) 3907950
661,Female,tlonglandic,Portugal,Cachada,661,EUR,(379) 8190995,(328) 7841270
662,Female,drydzynskiid,Tanzania,Mbumi,662,TZS,(545) 3170103,(211) 2952387
663,Male,eyeskinie,China,Huangcun,663,CNY,(123) 6005545,(626) 6517191
664,Male,dvanezisif,Norway,Bergen,664,NOK,(567) 8547715,(686) 1857064
665,Male,vstihlig,Japan,Ujiie,665,JPY,(883) 9695934,(815) 3317271
666,Female,bpetersenih,China,Toubao,666,CNY,(446) 7456556,(988) 7786063
667,Male,jaxworthyii,China,Raofeng,667,CNY,(581) 3370109,(863) 9527998
668,Female,nsnedenij,Palestinian Territory,An Naşşārīyah,668,ILS,(976) 5788288,(736) 3874429
669,Male,dperassiik,Martinique,Fort-de-France,669,EUR,(263) 5700172,(917) 9737675
670,Male,rrysdaleil,China,Yongfeng,670,CNY,(125) 9880810,(268) 8674158
671,Genderfluid,pdreherim,China,Huanghua,671,CNY,(971) 7457801,(195) 3719834
672,Male,scharlotin,Nigeria,Ringim,672,NGN,(498) 7870038,(951) 1088393
673,Agender,csouterio,Kazakhstan,Komsomolets,673,KZT,(649) 2666672,(435) 8688163
674,Male,gdietmarip,Sweden,Åtvidaberg,674,SEK,(825) 3937294,(510) 8741684
675,Male,djoyiq,Cuba,Encrucijada,675,CUP,(642) 3198485,(649) 6221390
676,Female,rbeardallir,South Africa,Germiston,676,ZAR,(546) 1338062,(768) 2863764
677,Male,hsheirlawis,China,Letuyi,677,CNY,(533) 7263748,(179) 8762630
678,Female,rbeinit,Mexico,Venustiano Carranza,678,MXN,(233) 9074649,(454) 6548610
679,Female,eborgesioiu,Portugal,Cruzeiro,679,EUR,(921) 5836441,(567) 6934005
680,Male,hplessingiv,Mexico,Alvaro Obregon,680,MXN,(572) 1408199,(522) 7157731
681,Male,schestermaniw,China,Shangyu,681,CNY,(991) 3745715,(834) 6703599
682,Male,wdrummondix,France,Aulnay-sous-Bois,682,EUR,(723) 8309076,(913) 6052724
683,Bigender,nabramowskyiy,China,Gar,683,CNY,(263) 5348249,(274) 1297120
684,Female,fcuthbertsoniz,Russia,Syktyvkar,684,RUB,(743) 4960371,(311) 1909018
685,Female,ddacresj0,Ukraine,Kodyma,685,UAH,(581) 4519832,(954) 8022151
686,Female,cfullej1,Poland,Lubenia,686,PLN,(384) 5880660,(165) 7393702
687,Female,amorhallj2,Philippines,Magsaysay,687,PHP,(455) 8404808,(215) 4928480
688,Male,rburchellj3,Afghanistan,Qal‘ah-ye Shāhī,688,AFN,(596) 9888325,(902) 1549760
689,Male,agillandersj4,Indonesia,Kowang Utara,689,IDR,(201) 7750698,(559) 5110776
690,Female,ddurningj5,Belarus,Druzhny,690,BYR,(314) 6974735,(783) 6441326
691,Male,echavesj6,China,Taoxi,691,CNY,(476) 7071102,(144) 3300664
692,Female,rhaneyj7,Morocco,Moulay Abdallah,692,MAD,(166) 7079888,(867) 8218539
693,Male,ltimnyj8,Mongolia,Huurch,693,MNT,(717) 9389487,(689) 3211964
694,Female,rwudelandj9,Tanzania,Nungwi,694,TZS,(101) 8195716,(317) 7016198
695,Male,rtassakerja,Canada,Thorold,695,CAD,(943) 7403146,(480) 1362798
696,Male,fleirmonthjb,China,Zhaizigou,696,CNY,(579) 2607541,(501) 9983596
697,Female,jbremeyerjc,Bosnia and Herzegovina,Teslić,697,BAM,(416) 6393725,(405) 7073305
698,Non-binary,ejohnceyjd,Georgia,P’asanauri,698,GEL,(895) 1099271,(894) 6481856
699,Female,pantliffje,China,Leping,699,CNY,(160) 4659528,(453) 6324897
700,Female,lduckelsjf,Sweden,Billdal,700,SEK,(575) 2100380,(791) 4988822
701,Male,hsambalsjg,Portugal,Monte,701,EUR,(995) 2722909,(334) 4238093
702,Male,ataboureljh,Peru,La Caleta Culebras,702,PEN,(688) 7248954,(741) 4804946
703,Female,eheaphyji,China,Dakoutun,703,CNY,(489) 6495781,(942) 4622178
704,Female,hcryerjj,Finland,Lavia,704,EUR,(938) 9074982,(111) 7042659
705,Male,iricardejk,Cyprus,Ágios Týchon,705,EUR,(220) 1081203,(199) 3220766
706,Female,hradfordjl,Nigeria,Amassoma,706,NGN,(222) 2992172,(539) 3280910
707,Male,cpesikjm,Brazil,Jaraguá,707,BRL,(652) 9558913,(367) 7621329
708,Female,jstaubynjn,Syria,Khān Shaykhūn,708,SYP,(392) 9388141,(136) 8802458
709,Female,ljowlejo,Philippines,Magalalag,709,PHP,(564) 8949035,(907) 5193085
710,Male,ltrahairjp,Trinidad and Tobago,Tabaquite,710,TTD,(380) 2742924,(872) 7203137
711,Female,msmithemanjq,Philippines,San Andres,711,PHP,(776) 5295035,(415) 5081177
712,Female,fratejr,Poland,Zambrów,712,PLN,(114) 4285420,(457) 8174855
713,Male,kpurvisjs,Portugal,Martingança,713,EUR,(128) 7067709,(207) 8703501
714,Female,gduffusjt,Indonesia,Dopang,714,IDR,(224) 8817239,(512) 9546708
715,Female,rgoligherju,Serbia,Padina,715,RSD,(255) 3170792,(745) 4319905
716,Female,lhazleyjv,China,Taling,716,CNY,(309) 8857666,(431) 2557188
717,Female,abagniukjw,North Korea,Hyesan-dong,717,KPW,(559) 9256155,(590) 2329108
718,Female,mpearmanjx,Russia,Ulyanovsk,718,RUB,(650) 4907429,(415) 1724899
719,Female,bleirmonthjy,Iran,Solţānābād,719,IRR,(691) 7498423,(165) 7134379
720,Male,eswindlesjz,Indonesia,Bojonggaling,720,IDR,(624) 1564395,(162) 5866031
721,Male,oburnsk0,Canada,Greenwood,721,CAD,(438) 8760699,(226) 6990634
722,Male,tkillenk1,United States,Philadelphia,722,USD,(215) 9226990,(228) 4286102
723,Male,zmelrossk2,Vietnam,Thị Trấn Tủa Chùa,723,VND,(488) 8349550,(833) 6672037
724,Genderqueer,mparamork3,Luxembourg,Boulaide,724,EUR,(337) 2562768,(196) 8111622
725,Female,egoodersk4,Venezuela,Santa María de Ipire,725,VEF,(855) 9680807,(228) 6758219
726,Male,msunmank5,China,Daixi,726,CNY,(262) 5652896,(736) 2201392
727,Female,lruckledgek6,Indonesia,Nanger,727,IDR,(419) 2017644,(678) 1661535
728,Female,gfonsok7,Cuba,Jesús Menéndez,728,CUP,(514) 8055600,(825) 3563984
729,Male,walnerk8,Indonesia,Parakanhonje Wetan,729,IDR,(974) 9302256,(315) 1279431
730,Female,dhargetk9,Greece,Lagkadás,730,EUR,(743) 1999094,(114) 7018157
731,Male,seisoldka,China,Peixing,731,CNY,(483) 2241135,(240) 7576419
732,Female,gprinnekb,Pakistan,Zafarwāl,732,PKR,(452) 1007304,(126) 6775082
733,Female,inotmankc,China,Longhuashan,733,CNY,(569) 5301311,(701) 1398084
734,Female,amacvaykd,China,Xiadian,734,CNY,(441) 8205155,(846) 3116592
735,Male,kknowlingke,China,Yonggu,735,CNY,(570) 8880541,(409) 4915903
736,Female,msherrkf,Indonesia,Sitiarjo,736,IDR,(728) 6905298,(426) 6762099
737,Male,acawkillkg,Bulgaria,Dolna Banya,737,BGN,(474) 8464260,(403) 5848706
738,Female,smcdouglekh,Philippines,Gumaus,738,PHP,(938) 3121257,(365) 1711494
739,Male,rdeboyki,Portugal,Vinhais,739,EUR,(374) 6463467,(161) 7028488
740,Male,aproudkj,Brazil,Valença,740,BRL,(300) 4325643,(770) 6959582
741,Male,gelsiekk,Poland,Zbrosławice,741,PLN,(959) 3048897,(946) 2191702
742,Female,rgatlingkl,China,Pinghu,742,CNY,(168) 6267561,(236) 1737227
743,Female,jemptagekm,Canada,Lacombe,743,CAD,(715) 5561295,(923) 6161364
744,Female,kmccroriekn,Argentina,Bonpland,744,ARS,(589) 5746071,(317) 3173715
745,Female,nmistryko,Tunisia,Banī Khallād,745,TND,(667) 8977108,(847) 6409272
746,Female,emettskp,Czech Republic,Žabčice,746,CZK,(616) 6974478,(583) 9712005
747,Female,bjanmankq,Argentina,Esquel,747,ARS,(912) 3654673,(779) 6655005
748,Female,bpridiekr,China,Yaohua,748,CNY,(293) 5900191,(461) 2991731
749,Female,acolvinks,Peru,Huallanca,749,PEN,(349) 8193275,(627) 2675405
750,Bigender,cnewboldkt,Russia,Velikiye Luki,750,RUB,(882) 4998382,(938) 8670762
751,Female,ohanbridgeku,Northern Mariana Islands,San Jose Village,751,USD,(667) 5988967,(906) 8483305
752,Male,rivanikovkv,Poland,Niedźwiedź,752,PLN,(476) 8927128,(916) 9039052
753,Female,bhainskw,Portugal,Porto de Mós,753,EUR,(407) 1265790,(127) 6659386
754,Female,mcarokx,China,Duobagou,754,CNY,(183) 6497345,(384) 7112804
755,Bigender,ocarbryky,Ethiopia,Turmi,755,ETB,(546) 5077007,(927) 4775541
756,Female,wwhiterodkz,Croatia,Gračec,756,HRK,(455) 4727110,(130) 2032541
757,Female,jshewryl0,Brazil,Pilar,757,BRL,(773) 9848208,(308) 1801811
758,Female,opabstl1,China,Jinjia,758,CNY,(940) 3615712,(903) 7241715
759,Male,rshillsl2,Indonesia,Nunutba,759,IDR,(803) 4786619,(281) 5266107
760,Female,twandtkel3,Ukraine,Slatyne,760,UAH,(242) 8517629,(499) 4086125
761,Female,cprozesckyl4,Japan,Takayama,761,JPY,(943) 5941862,(441) 2021740
762,Female,aaudrittl5,Ecuador,Chone,762,USD,(931) 2739845,(820) 3169979
763,Male,sbywayl6,Venezuela,Alto Barinas,763,VEF,(896) 7334940,(281) 6498511
764,Male,ccowinl7,Ukraine,Lopatyn,764,UAH,(744) 6737895,(123) 7706460
765,Male,rkleinbauml8,Philippines,Lurugan,765,PHP,(103) 6943915,(975) 2459145
766,Female,msaipyl9,Russia,Kaduy,766,RUB,(129) 4511715,(249) 6557977
767,Female,sagatela,Russia,Pushkino,767,RUB,(904) 5172446,(978) 7236988
768,Genderfluid,nstrugnelllb,China,Haitou,768,CNY,(818) 5133802,(417) 8985116
769,Female,lworwoodlc,Poland,Filipowice,769,PLN,(880) 3194170,(287) 9510514
770,Genderfluid,mforseithld,France,Saint-Marcellin,770,EUR,(696) 5630585,(454) 6946804
771,Male,dwoodle,Russia,Kadyy,771,RUB,(763) 5836086,(215) 8065115
772,Male,rjephcottlf,China,Guangpu,772,CNY,(189) 8431156,(525) 6009728
773,Male,ucordelllg,Central African Republic,Obo,773,XAF,(985) 1180623,(141) 3341539
774,Male,ngadmanlh,Malawi,Blantyre,774,MWK,(614) 4750132,(482) 2745809
775,Genderqueer,bgolbournli,Indonesia,Gadingrejo,775,IDR,(941) 8407092,(537) 9240907
776,Male,cconnelllj,Russia,Baltiysk,776,RUB,(401) 5933037,(660) 1336664
777,Male,hbrazlk,Poland,Kolbuszowa,777,PLN,(448) 3370739,(357) 7260397
778,Female,sbrooksbankll,Indonesia,Riangwale,778,IDR,(712) 4340114,(588) 8183786
779,Male,jcleminshawlm,Cape Verde,Pombas,779,CVE,(973) 5251466,(813) 2044986
780,Female,mmaddiganln,Morocco,Mellila,780,MAD,(724) 7311007,(939) 4515032
781,Female,amclardielo,Ethiopia,Maych’ew,781,ETB,(363) 8194959,(743) 9927574
782,Male,jduminilp,China,Xin’andu,782,CNY,(353) 7929585,(783) 1599338
783,Male,amccalisterlq,Brazil,Ijuí,783,BRL,(627) 4044568,(831) 7213492
784,Non-binary,cteaguelr,Philippines,Babatngon,784,PHP,(288) 5594080,(524) 6567027
785,Female,csheratonls,Brazil,João Monlevade,785,BRL,(610) 2474534,(738) 1991133
786,Female,scrosenlt,Micronesia,Lamotrek,786,USD,(695) 1289459,(488) 3769009
787,Male,bscoonlu,Ireland,Castlebellingham,787,EUR,(439) 8942988,(131) 9306671
788,Male,sburdgelv,China,Dawangzhuang,788,CNY,(519) 2602366,(981) 4963990
789,Male,wcitrinelw,Indonesia,Prengtale,789,IDR,(640) 2466956,(302) 1963134
790,Female,ikolushevlx,Serbia,Padej,790,RSD,(587) 4117025,(816) 3567621
791,Female,lmillerly,Brazil,Águas Vermelhas,791,BRL,(598) 1826534,(631) 6630901
792,Male,mfreundlz,Brazil,Medeiros Neto,792,BRL,(482) 2573075,(189) 3629707
793,Non-binary,lmerringtonm0,United States,Washington,793,USD,(202) 5371025,(216) 3544967
794,Genderqueer,nwartonbym1,Indonesia,Sentul,794,IDR,(808) 9637343,(212) 8105814
795,Female,weydelm2,Russia,Tpig,795,RUB,(966) 9752098,(309) 1418480
796,Female,cloakesm3,China,Qinshi,796,CNY,(692) 8711346,(743) 1259766
797,Male,tflisherm4,Philippines,Quibal,797,PHP,(475) 2343513,(967) 8878215
798,Female,smckinlessm5,Egypt,Farshūţ,798,EGP,(858) 3096840,(818) 5943147
799,Female,vnodem6,Czech Republic,Žlutice,799,CZK,(891) 9320907,(495) 6519729
800,Male,cricardotm7,United States,Akron,800,USD,(330) 8835566,(239) 7324634
801,Female,ilibbeym8,Canada,Kerrobert,801,CAD,(162) 5677873,(766) 6000388
802,Male,fmarplem9,Sweden,Borås,802,SEK,(596) 4363964,(484) 2687595
803,Female,wkieffma,Indonesia,Bipolo,803,IDR,(844) 4196692,(473) 2522220
804,Bigender,bdiplockmb,Norway,Oslo,804,NOK,(937) 8964264,(744) 8326281
805,Male,tmckissackmc,France,Locminé,805,EUR,(545) 8417605,(560) 7157312
806,Female,nfebvremd,Indonesia,Turus,806,IDR,(205) 9251474,(515) 8354484
807,Male,aslewcockme,Poland,Dukla,807,PLN,(402) 6771432,(503) 5741070
808,Female,acorraomf,Sweden,Stockholm,808,SEK,(280) 6930946,(814) 4174994
809,Non-binary,rmachenmg,Russia,Mishkino,809,RUB,(803) 8802325,(491) 6740187
810,Female,dmaudsonmh,Madagascar,Vohibinany,810,MGA,(879) 7574992,(278) 5514382
811,Male,stappermi,Thailand,Det Udom,811,THB,(855) 6689483,(950) 5789060
812,Female,rgonnelymj,Portugal,Conceição da Abóboda,812,EUR,(419) 3571091,(797) 2698223
813,Female,sdoggettmk,Portugal,Gramaços,813,EUR,(316) 9566110,(681) 1409248
814,Female,enesbethml,Burkina Faso,Koupéla,814,XOF,(782) 7159806,(532) 6526779
815,Female,lswindonmm,Russia,Bykov,815,RUB,(920) 7817406,(959) 1066006
816,Male,cboydlemn,Ukraine,Khotiv,816,UAH,(559) 5575329,(717) 7175655
817,Female,jfeakmo,Ukraine,Krasnyy Lyman,817,UAH,(984) 3662824,(400) 6754467
818,Female,eclementimp,Philippines,Santa Maria,818,PHP,(912) 8539100,(657) 2043417
819,Male,nsoffemq,Denmark,København,819,DKK,(236) 7277647,(763) 5929440
820,Female,dfallowsmr,Slovenia,Zgornje Gorje,820,EUR,(934) 9576154,(163) 7363244
821,Female,lmilletonms,Indonesia,Banjar Banyualit,821,IDR,(260) 5514707,(459) 1771844
822,Female,mattlemt,Brazil,Caeté,822,BRL,(935) 1276503,(733) 3488931
823,Male,bsichmu,Sierra Leone,Mobai,823,SLL,(967) 5255036,(689) 3834767
824,Female,vdoubravamv,Indonesia,Jadho,824,IDR,(564) 6383095,(997) 7432645
825,Female,aelixmw,China,Luoshui,825,CNY,(358) 3748509,(271) 1796246
826,Male,ngowlandmx,Ireland,Rathwire,826,EUR,(273) 6037570,(485) 5003588
827,Female,ewindebankmy,China,Xiting,827,CNY,(691) 9977208,(643) 8314387
828,Male,lcowwellmz,Thailand,Bang Kho Laem,828,THB,(977) 7831969,(367) 7271058
829,Female,fseakesn0,China,Ma’an,829,CNY,(839) 7322905,(556) 7562223
830,Female,ahambrickn1,Cyprus,Rizokárpaso,830,EUR,(436) 3540107,(465) 6251373
831,Male,kduffn2,Canada,Donnacona,831,CAD,(136) 1207697,(747) 4624050
832,Male,nbuttreyn3,Indonesia,Ganggawang,832,IDR,(630) 5984761,(979) 5485543
833,Female,pgouldbournn4,United States,Louisville,833,USD,(502) 1441405,(138) 6462376
834,Male,vlangstonen5,Philippines,Odiongan,834,PHP,(112) 1225758,(426) 6435293
835,Male,pscanterburyn6,Vietnam,Tân Hòa,835,VND,(517) 8996987,(135) 1040943
836,Male,cyerlettn7,Brazil,Caçapava,836,BRL,(948) 1933959,(605) 5872072
837,Female,mchardinn8,Argentina,Las Heras,837,ARS,(948) 1702123,(694) 3728058
838,Male,tllorenten9,Portugal,São Mamede,838,EUR,(599) 1893880,(709) 3054775
839,Female,oreddyhoffna,Poland,Ostrowsko,839,PLN,(248) 7384177,(768) 6306457
840,Male,lcamplejohnnb,Indonesia,Cisalak,840,IDR,(545) 1011773,(656) 7221802
841,Male,cclewarthnc,China,Dalu,841,CNY,(700) 6877721,(122) 6491015
842,Female,hflattmannd,Ukraine,Stari Kuty,842,UAH,(289) 2789867,(505) 1025694
843,Female,rbeslierne,Portugal,Cabeça Gorda,843,EUR,(901) 4122159,(406) 3450062
844,Male,civanitsanf,China,Xinji,844,CNY,(920) 6638860,(526) 6813757
845,Male,bketchellng,Panama,Vista Hermosa,845,PAB,(555) 1001969,(933) 6979666
846,Female,galsfordnh,Philippines,Tiguha,846,PHP,(971) 3157995,(212) 3500300
847,Polygender,jfinnanni,Yemen,Matwaḩ,847,YER,(470) 8047180,(284) 7470140
848,Male,nstovinnj,Finland,Siilinjärvi,848,EUR,(627) 4547609,(385) 6398966
849,Female,rwraithnk,Philippines,Mabini,849,PHP,(757) 9718390,(674) 3796005
850,Male,aladloenl,Bosnia and Herzegovina,Blagaj,850,BAM,(904) 2202751,(225) 9319766
851,Male,lconnerlynm,China,Wutumeiren,851,CNY,(769) 7552085,(870) 8949014
852,Male,mpasticznyknn,Belarus,Vawkavysk,852,BYR,(712) 6956768,(343) 4994388
853,Female,mdebowno,Argentina,Junín,853,ARS,(580) 4824901,(141) 7507845
854,Male,gdabbesnp,China,Qiewa,854,CNY,(547) 2834236,(595) 4274638
855,Female,messamnq,China,Dabao’anzhen,855,CNY,(632) 3283389,(288) 1162180
856,Male,frojnr,China,Luoshanchuan,856,CNY,(264) 1544779,(554) 3865909
857,Male,jsoonhousens,Norway,Bergen,857,NOK,(517) 3546489,(970) 2538068
858,Female,tgrixnt,Brazil,Canoinhas,858,BRL,(400) 1151521,(857) 1552509
859,Agender,fkestlenu,Peru,Zaña,859,PEN,(700) 7420739,(789) 7671939
860,Male,bgeallnv,Hungary,Szeged,860,HUF,(995) 2804637,(342) 6195295
861,Polygender,rtuffnw,Brazil,Propriá,861,BRL,(186) 6635003,(765) 3691055
862,Female,cmagnenx,Bangladesh,Saidpur,862,BDT,(448) 4892406,(467) 6215490
863,Male,kreasonny,Madagascar,Marovoay,863,MGA,(290) 3960881,(538) 3681850
864,Female,jgosfordnz,Indonesia,Oepuah,864,IDR,(564) 3829074,(135) 1255472
865,Female,hroncellio0,Indonesia,Kombandaru,865,IDR,(933) 8796982,(121) 5536098
866,Male,qturbato1,Iceland,Hveragerði,866,ISK,(833) 2686091,(680) 8759318
867,Male,khartzogso2,Indonesia,Juhut,867,IDR,(930) 6309169,(312) 3111257
868,Female,kskillo3,Serbia,Beška,868,RSD,(174) 8565758,(476) 2648832
869,Male,srenodeno4,Indonesia,Karanglo,869,IDR,(343) 4165991,(390) 4322129
870,Male,krivalo5,Greece,Ambelókipoi,870,EUR,(449) 3477348,(162) 4148816
871,Female,dfeldhammero6,China,Heqiao,871,CNY,(911) 7212095,(313) 4738267
872,Female,lconachieo7,Madagascar,Vondrozo,872,MGA,(979) 6924916,(164) 8781251
873,Male,swreffordo8,Philippines,Lepanto,873,PHP,(536) 5890795,(466) 9257155
874,Female,croweno9,Serbia,Kraljevo,874,RSD,(547) 6625873,(139) 8794893
875,Female,aantunesoa,Guatemala,San Juan Atitán,875,GTQ,(753) 9794082,(806) 8431535
876,Female,gsmorthitob,Bulgaria,Belene,876,BGN,(266) 4021931,(442) 8252284
877,Male,msmeadoc,United Kingdom,London,877,GBP,(369) 4063656,(185) 5273631
878,Male,szelleyod,Czech Republic,Dolní Počernice,878,CZK,(412) 5004051,(830) 6440464
879,Male,khampeoe,China,Yujia’ao,879,CNY,(865) 2710332,(558) 8772283
880,Female,tbrongerof,Poland,Połomia,880,PLN,(364) 6573654,(646) 7789231
881,Female,aairtonog,China,Jixing,881,CNY,(243) 1111513,(604) 2227189
882,Female,kthroweroh,Indonesia,Duri,882,IDR,(801) 3030593,(553) 1644312
883,Male,mlovelessoi,Poland,Głuchów,883,PLN,(233) 1582105,(986) 6652344
884,Female,smargueriteoj,Yemen,Najd al Jumā‘ī,884,YER,(762) 7474641,(456) 5034823
885,Male,kferencok,Poland,Waśniów,885,PLN,(349) 4915563,(778) 2874832
886,Male,tharbronol,Portugal,Biscoitos,886,EUR,(372) 2483765,(607) 1455247
887,Female,gohoolahanom,China,Yatunpu,887,CNY,(159) 9315215,(430) 6437036
888,Male,ehectoron,Paraguay,Nueva Germania,888,PYG,(547) 9023525,(433) 7289811
889,Polygender,bgalliardoo,Germany,Bremen,889,EUR,(250) 2395288,(844) 7139807
890,Male,nwiltshawop,Indonesia,Karanganyar,890,IDR,(229) 7491605,(971) 2950397
891,Female,kmanneringoq,Poland,Biała Piska,891,PLN,(283) 3938194,(138) 4911542
892,Male,svasyushkhinor,Bangladesh,Maulavi Bāzār,892,BDT,(631) 5961838,(211) 8401715
893,Male,cgouthieros,Ukraine,Koryukivka,893,UAH,(677) 8007102,(538) 3817996
894,Non-binary,modeaot,Honduras,Mojimán,894,HNL,(203) 5970329,(690) 6810259
895,Female,aebbingou,Jamaica,Port Antonio,895,JMD,(686) 1752763,(269) 6272177
896,Female,jallstonov,Croatia,Rešetari,896,HRK,(398) 4774219,(766) 2702845
897,Female,shaddingtonow,Russia,Kamyshevatskaya,897,RUB,(330) 3825853,(364) 5467106
898,Female,tzanuttiox,Indonesia,Warudoyong,898,IDR,(210) 8980885,(927) 3818387
899,Female,ideussoy,Argentina,Sunchales,899,ARS,(778) 3110055,(243) 5566809
900,Female,nmalarkeyoz,Portugal,Erada,900,EUR,(331) 2597231,(230) 1649721
901,Female,cknattp0,France,Orvault,901,EUR,(796) 8829903,(259) 5460801
902,Male,cstudholmep1,Finland,Pieksämäki,902,EUR,(896) 5223903,(840) 8125318
903,Female,crowneyp2,Venezuela,Cantaura,903,VEF,(331) 5416559,(692) 9019360
904,Male,soldlandp3,Tajikistan,Konsoy,904,TJS,(713) 3870878,(290) 1002101
905,Male,gdaggp4,China,Jielin,905,CNY,(939) 7493533,(119) 1802212
906,Male,jvaltip5,Canada,Sussex,906,CAD,(395) 3896408,(997) 1282032
907,Female,rraspisonp6,Indonesia,Gunungmanik,907,IDR,(424) 4042891,(362) 1359430
908,Female,mbrattellp7,Portugal,Vidago,908,EUR,(508) 5935758,(586) 1367865
909,Male,draintonp8,France,Nancy,909,EUR,(471) 4987540,(271) 4800615
910,Male,ujamisonp9,Philippines,Mambusao,910,PHP,(633) 4657170,(985) 2408086
911,Bigender,dbuxeypa,Thailand,Mae Lan,911,THB,(797) 7230628,(393) 6278688
912,Female,dgreigpb,China,Yangping,912,CNY,(831) 5680723,(191) 6115286
913,Female,oaylmorepc,Venezuela,Irapa,913,VEF,(224) 4193858,(997) 4270484
914,Genderqueer,rkeasypd,Indonesia,Lokatadho,914,IDR,(110) 8149116,(937) 3582383
915,Male,acrawcourpe,Cambodia,Kampot,915,KHR,(177) 2080804,(691) 2914108
916,Male,kquilleashpf,France,Montigny-lès-Metz,916,EUR,(506) 9452595,(889) 9913429
917,Male,gerskinpg,Russia,Sheregesh,917,RUB,(689) 1859078,(778) 6775810
918,Male,rryleyph,Brazil,Goiânia,918,BRL,(636) 2983219,(680) 9090938
919,Female,rmacfallpi,Philippines,Bakung,919,PHP,(539) 3764642,(864) 4706817
920,Female,rmounceypj,Russia,Maromitsa,920,RUB,(550) 2512820,(925) 7822844
921,Male,sscownpk,Sweden,Norrtälje,921,SEK,(675) 1076338,(626) 7586625
922,Female,bposselpl,Belarus,Skidal’,922,BYR,(567) 8213729,(877) 3644982
923,Male,hfrohockpm,Poland,Podgórzyn,923,PLN,(706) 2753394,(977) 8461780
924,Male,gbudgettpn,Indonesia,Kaduluhur,924,IDR,(708) 9752165,(676) 8913557
925,Male,gmatissepo,Luxembourg,Schifflange,925,EUR,(657) 7519376,(596) 7853556
926,Female,aakredpp,Dominican Republic,Gonzalo,926,DOP,(739) 4343822,(295) 2258498
927,Male,cstackbridgepq,China,Beizhang,927,CNY,(897) 2826141,(334) 1842280
928,Male,gmowlespr,Ukraine,Tyvriv,928,UAH,(898) 2712480,(868) 3212637
929,Male,cpothburyps,Ukraine,Vynohradove,929,UAH,(491) 8671132,(172) 4370327
930,Female,tsteadmanpt,Ukraine,Slobidka,930,UAH,(401) 5795118,(171) 8989250
931,Male,teshpu,Philippines,Cabog,931,PHP,(420) 5320835,(595) 2494828
932,Genderqueer,rwindrasspv,Ukraine,Kushnytsya,932,UAH,(820) 3170283,(569) 1444471
933,Male,mboschepw,Kenya,Kiambu,933,KES,(813) 2825065,(740) 5587890
934,Polygender,hmacgillivriepx,Indonesia,Banjar Yehsatang,934,IDR,(253) 2810740,(535) 2643118
935,Female,cflowerspy,Djibouti,Djibouti,935,DJF,(769) 1715241,(268) 2412245
936,Male,gwoltonpz,Portugal,Mafra,936,EUR,(208) 3481718,(524) 6370737
937,Female,ccaygillq0,Cuba,Batabanó,937,CUP,(164) 4485585,(776) 6666488
938,Female,fjanusikq1,Uruguay,Salto,938,UYU,(292) 1914144,(901) 4334763
939,Male,brivalantq2,Thailand,Mueang Phuket,939,THB,(782) 7231907,(658) 2489266
940,Female,pcoventonq3,Russia,Satka,940,RUB,(677) 6589393,(309) 6299455
941,Female,wmckombq4,France,Oullins,941,EUR,(799) 4041267,(222) 5463384
942,Male,dnaireq5,China,Jiazhuang,942,CNY,(464) 2666270,(824) 8329228
943,Female,tlongmeadq6,Sweden,Herrljunga,943,SEK,(691) 5304024,(500) 1816010
944,Male,dbartolomucciq7,France,Avranches,944,EUR,(171) 9099640,(364) 8281224
945,Male,bfinbyq8,China,Mianhu,945,CNY,(204) 2797327,(640) 7470578
946,Female,vkornesq9,Sweden,Skutskär,946,SEK,(654) 2033414,(281) 4393874
947,Female,ranniesqa,China,Langxi,947,CNY,(260) 2785708,(597) 2186527
948,Male,hravilusqb,Russia,Pavlovsk,948,RUB,(462) 5662848,(668) 6872913
949,Non-binary,ytevlinqc,Greece,Svorónos,949,EUR,(881) 6828221,(625) 4602767
950,Female,emarzeloqd,Portugal,Horta,950,EUR,(447) 9006250,(739) 6030384
951,Male,ksobieskiqe,Brazil,Dois Córregos,951,BRL,(736) 9110820,(652) 2727546
952,Female,blisleqf,Czech Republic,Klobuky,952,CZK,(741) 6591591,(140) 9056143
953,Female,mgallawayqg,United States,Wilkes Barre,953,USD,(570) 1797308,(858) 6582138
954,Male,hbleythinqh,Russia,Surovikino,954,RUB,(862) 8179329,(523) 4588205
955,Female,sspracklinqi,Indonesia,Sumberkertokrajan,955,IDR,(122) 6148846,(177) 2363621
956,Male,bgermonqj,Poland,Stoczek Łukowski,956,PLN,(231) 7344970,(241) 1600624
957,Male,lcochqk,Indonesia,Kedungcangkring,957,IDR,(148) 9960230,(979) 4390761
958,Female,graineql,Czech Republic,Benešov nad Ploučnicí,958,CZK,(371) 4469797,(462) 3332147
959,Genderqueer,avarnesqm,Ethiopia,Lalībela,959,ETB,(380) 3849296,(514) 7992296
960,Male,vapdellqn,China,Chengxiang,960,CNY,(572) 7499218,(644) 5397817
961,Male,dmckernanqo,Costa Rica,Tejar,961,CRC,(435) 5581517,(717) 4101822
962,Female,fabrahmsonqp,Brazil,Goianésia,962,BRL,(426) 6476168,(954) 4689615
963,Female,hrawlynsqq,France,Strasbourg,963,EUR,(100) 4835373,(836) 1129051
964,Female,ecoggillqr,Russia,Novoshakhtinskiy,964,RUB,(780) 2660845,(682) 3705599
965,Female,bwatkinsqs,Indonesia,Gereneng,965,IDR,(798) 3132842,(786) 5846368
966,Female,mputtnamqt,Brazil,Itapemirim,966,BRL,(731) 8753459,(841) 1926369
967,Female,rvanleijsqu,China,Liugong,967,CNY,(450) 1046062,(877) 3777072
968,Male,nmellmerqv,Brazil,Porciúncula,968,BRL,(567) 3395480,(578) 5164829
969,Male,srenahanqw,China,Shentang,969,CNY,(160) 1686834,(875) 2416741
970,Male,bdomanqx,Azerbaijan,Qabaqçöl,970,AZN,(923) 3700044,(516) 3326727
971,Female,wniessqy,Sweden,Vetlanda,971,SEK,(483) 5770302,(561) 2638482
972,Male,fmcneaqz,Ukraine,Matviyivka,972,UAH,(277) 8272550,(402) 1991081
973,Female,fwernerr0,Vietnam,Thị Trấn Mộc Châu,973,VND,(860) 3795542,(279) 1666795
974,Female,todder1,France,Saint-Brieuc,974,EUR,(844) 3952043,(821) 2142143
975,Female,jwreifordr2,Brazil,Capinzal,975,BRL,(307) 7477083,(694) 3775258
976,Female,tcrayr3,Sweden,Mölnlycke,976,SEK,(921) 6937018,(207) 3990238
977,Male,ebascomber4,Kenya,Nakuru,977,KES,(602) 4064131,(788) 9632250
978,Female,rgradwellr5,Portugal,Carvalhais,978,EUR,(563) 3764864,(424) 3161071
979,Male,sbuistr6,Suriname,Nieuw Nickerie,979,SRD,(741) 5541453,(734) 4867862
980,Female,joscollainr7,Poland,Pantalowice,980,PLN,(195) 5730438,(281) 9564755
981,Male,bsaffrinr8,Iran,Eqbālīyeh,981,IRR,(460) 3280061,(105) 6496030
982,Male,vsimoncellor9,China,Hadapu Zhen,982,CNY,(196) 2204799,(159) 7726006
983,Male,ltidmasra,Indonesia,Maliiha,983,IDR,(213) 6252865,(204) 2002457
984,Male,fjankovskyrb,Indonesia,Cikarang,984,IDR,(380) 5317558,(798) 7262997
985,Female,cnovacekrc,Portugal,Costa Nova do Prado,985,EUR,(866) 7245914,(602) 7632488
986,Female,tsmewingrd,Croatia,Jagodnjak,986,HRK,(396) 9335176,(105) 8868547
987,Female,rpickavancere,China,Changxing,987,CNY,(468) 8667868,(962) 9389775
988,Male,haprahamianrf,Venezuela,Bruzual,988,VEF,(207) 5782121,(548) 8508387
989,Female,rbasilonerg,Brazil,Guaratinguetá,989,BRL,(790) 6641604,(254) 7510525
990,Female,kfoardrh,Venezuela,Bailadores,990,VEF,(462) 9612225,(695) 1681531
991,Male,acrackettri,Moldova,Criuleni,991,MDL,(283) 8407208,(569) 8167728
992,Female,beloyrj,Colombia,Barrancas,992,COP,(336) 8895033,(510) 1241470
993,Female,aglassopprk,Japan,Ōdachō-ōda,993,JPY,(962) 9489645,(546) 5897798
994,Female,dclowtonrl,China,Yongding,994,CNY,(579) 6064509,(677) 3612868
995,Male,gliebermannrm,China,Yangxiang,995,CNY,(379) 9582237,(226) 3989217
996,Male,hlongmatern,Egypt,Basyūn,996,EGP,(822) 2439192,(952) 3861098
997,Bigender,jabramoviczro,Brazil,São Carlos,997,BRL,(765) 7732731,(980) 7409205
998,Male,jteazerp,China,Biyong,998,CNY,(546) 1813239,(553) 6554286
999,Male,iwoollamrq,France,Nanterre,999,EUR,(613) 9242097,(454) 6570706
1000,Male,vtodhunterrr,Portugal,Souto,1000,EUR,(798) 5468374,(493) 9365059
